<GuiXml>
	<Font name="CS4Font" font="$(MEDIUM_FONT)|16"/>
	<Font name="CS4Insp" font="$(BOLD_FONT)|24|soft-shadow-thin"/>
	<Controls>
		<TopLevelControl hidden="true" clampedToScreen="true" movable="true" mouseEnabled="true" name="CS4_Panel" allowBringToTop="true" layer="1">
			<Dimensions x="849" y="690"/>
			<Controls>
				<Backdrop name="$(parent)BG" centerColor="181818" edgeColor="00000000"><AnchorFill/><Edge edgeSize="1"/></Backdrop>
				<Label name="$(parent)Headline" font="ZoFontGame" color="FFFFFF">
					<Anchor point="1" relativePoint="1" relativeTo="$(parent)" offsetY="5"/>
					<OnInitialized>self:SetText("|cFFAA33"..CraftStore.name.."|r "..CraftStore.version)</OnInitialized>
				</Label>
				<Button name="$(parent)CloseButton" clickSound="Click">
					<Anchor point="9" relativePoint="9" relativeTo="$(parent)" offsetX="-5" offsetY="5"/><Dimensions y="25" x="25"/>
					<Textures normal="esoui/art/buttons/decline_up.dds" pressed="esoui/art/buttons/decline_down.dds" mouseOver="esoui/art/buttons/decline_over.dds"/>
					<OnClicked>SCENE_MANAGER:HideTopLevel(CS4_Panel)</OnClicked>
				</Button>
			</Controls>
		</TopLevelControl>
		<TopLevelControl hidden="true" name="CS4_Tip"><Dimensions x="350" y="10"/>
			<Controls>
				<Backdrop name="$(parent)BG" centerColor="00000000" edgeColor="FF534B2D"><AnchorFill/><Edge edgeSize="2"/></Backdrop>
				<Label name="$(parent)Name" font="CS4Font" color="8085FF" horizontalAlignment="2">
					<Anchor point="3" relativePoint="3" relativeTo="$(parent)" offsetY="5"/>
				</Label>
				<Label name="$(parent)Amount" font="CS4Font" color="C0C5FF" horizontalAlignment="2">
					<Anchor point="3" relativePoint="9" relativeTo="$(parent)Name"/><Dimensions x="60"/>
				</Label>
				<Label name="$(parent)Count" font="ZoFontWinH3" color="C0FFC0" horizontalAlignment="2">
					<Anchor point="8" relativePoint="8" relativeTo="$(parent)" offsetX="-15"/><Dimensions x="75"/>
				</Label>
			</Controls>
		</TopLevelControl>
		<TopLevelControl name="CraftStore4">
			<OnInitialized></OnInitialized>
			<OnUpdate></OnUpdate>
		</TopLevelControl>
	</Controls>
</GuiXml>