<GuiXml>
	<Font name="CS4Font" font="$(MEDIUM_FONT)|16" />
	<Font name="CS4Line" font="$(MEDIUM_FONT)|18" />
	<Font name="CS4Bold" font="$(BOLD_FONT)|20" />
	<Font name="CS4TTFont" font="$(BOLD_FONT)|16" />
	<Font name="CS4Insp" font="$(BOLD_FONT)|24|soft-shadow-thin" />
	<Controls>
		<TopLevelControl hidden="true" clampedToScreen="true" movable="true" mouseEnabled="true" name="CS4_Panel" allowBringToTop="true">
			<Dimensions x="845" y="690" />
			<OnMouseUp>CraftStore.account.position[1] = {self:GetLeft(),self:GetTop()}</OnMouseUp>
			<Controls>
				<Backdrop name="$(parent)BG" centerColor="181818" edgeColor="00000000">
					<AnchorFill/>
					<Edge edgeSize="1" />
				</Backdrop>
				<Label name="$(parent)Headline" font="ZoFontGame" color="FFFFFF">
					<Anchor point="1" relativePoint="1" relativeTo="$(parent)" offsetY="5" />
					<OnInitialized>self:SetText("|cFFAA33"..CraftStore.name.."|r "..CraftStore.version)</OnInitialized>
				</Label>
				<Button name="$(parent)CloseButton" clickSound="Click">
					<Anchor point="9" relativePoint="9" relativeTo="$(parent)" offsetX="-5" offsetY="5" />
					<Dimensions y="25" x="25" />
					<Textures normal="esoui/art/buttons/decline_up.dds" pressed="esoui/art/buttons/decline_down.dds" mouseOver="esoui/art/buttons/decline_over.dds" />
					<OnClicked>SCENE_MANAGER:HideTopLevel(CS4_Panel)</OnClicked>
				</Button>
				<Backdrop name="CS4_Research2" centerColor="383838" edgeColor="00000000">
					<AnchorFill/>
					<Edge edgeSize="1" />
					<Anchor point="3" relativePoint="3" relativeTo="$(parent)" offsetX="532" offsetY="337" />
					<Dimensions x="303" y="111" />
					<Controls>
						<Label name="$(parent)Headline" font="CS4Font" color="999999" verticalAlignment="1" horizontalAlignment="0">
							<Anchor point="3" relativePoint="3" relativeTo="$(parent)" offsetX="5" offsetY="5" />
							<Dimensions x="240" y="22" />
						</Label>
						<Label name="$(parent)Count" font="CS4Font" color="999999" verticalAlignment="1" horizontalAlignment="2">
							<Anchor point="9" relativePoint="9" relativeTo="$(parent)" offsetX="-5" offsetY="5" />
							<Dimensions x="53" y="22" />
						</Label>
						<Button name="$(parent)Line1" verticalAlignment="1" horizontalAlignment="0" font="CS4Font">
							<Anchor point="3" relativePoint="3" relativeTo="$(parent)" offsetX="2" offsetY="32" />
							<Dimensions x="179" y="25" />
							<Textures normal="CraftStore4/dark.dds" mouseOver="CraftStore4/over.dds" />
							<FontColors normalColor="FFFFFF" mouseOverColor="FFAA33" />
						</Button>
						<Button name="$(parent)Time1" verticalAlignment="1" horizontalAlignment="2" font="CS4Font">
							<Anchor point="2" relativePoint="8" relativeTo="$(parent)Line1" offsetX="5" />
							<Dimensions x="115" y="25" />
							<Textures normal="CraftStore4/dark.dds" />
							<FontColors normalColor="FFFFFF" />
						</Button>
						<Button name="$(parent)Line2" verticalAlignment="1" horizontalAlignment="0" font="CS4Font">
							<Anchor point="3" relativePoint="6" relativeTo="$(parent)Line1" offsetY="1" />
							<Dimensions x="179" y="25" />
							<Textures normal="CraftStore4/dark.dds" mouseOver="CraftStore4/over.dds" />
							<FontColors normalColor="FFFFFF" mouseOverColor="FFAA33" />
						</Button>
						<Button name="$(parent)Time2" verticalAlignment="1" horizontalAlignment="2" font="CS4Font">
							<Anchor point="2" relativePoint="8" relativeTo="$(parent)Line2" offsetX="5" />
							<Dimensions x="115" y="25" />
							<Textures normal="CraftStore4/dark.dds" />
							<FontColors normalColor="FFFFFF" />
						</Button>
						<Button name="$(parent)Line3" verticalAlignment="1" horizontalAlignment="0" font="CS4Font">
							<Anchor point="3" relativePoint="6" relativeTo="$(parent)Line2" offsetY="1" />
							<Dimensions x="179" y="25" />
							<Textures normal="CraftStore4/dark.dds" mouseOver="CraftStore4/over.dds" />
							<FontColors normalColor="FFFFFF" mouseOverColor="FFAA33" />
						</Button>
						<Button name="$(parent)Time3" verticalAlignment="1" horizontalAlignment="2" font="CS4Font">
							<Anchor point="2" relativePoint="8" relativeTo="$(parent)Line3" offsetX="5" />
							<Dimensions x="115" y="25" />
							<Textures normal="CraftStore4/dark.dds" />
							<FontColors normalColor="FFFFFF" />
						</Button>
					</Controls>
				</Backdrop>
				<Backdrop name="CS4_Research1" centerColor="383838" edgeColor="00000000">
					<AnchorFill/>
					<Edge edgeSize="1" />
					<Anchor point="3" relativePoint="6" relativeTo="CS4_Research2" offsetY="5" />
					<Dimensions x="303" y="111" />
					<Controls>
						<Label name="$(parent)Headline" font="CS4Font" color="999999" verticalAlignment="1" horizontalAlignment="0">
							<Anchor point="3" relativePoint="3" relativeTo="$(parent)" offsetX="5" offsetY="5" />
							<Dimensions x="240" y="22" />
						</Label>
						<Label name="$(parent)Count" font="CS4Font" color="999999" verticalAlignment="1" horizontalAlignment="2">
							<Anchor point="9" relativePoint="9" relativeTo="$(parent)" offsetX="-5" offsetY="5" />
							<Dimensions x="53" y="22" />
						</Label>
						<Button name="$(parent)Line1" verticalAlignment="1" horizontalAlignment="0" font="CS4Font">
							<Anchor point="3" relativePoint="3" relativeTo="$(parent)" offsetX="2" offsetY="32" />
							<Dimensions x="179" y="25" />
							<Textures normal="CraftStore4/dark.dds" mouseOver="CraftStore4/over.dds" />
							<FontColors normalColor="FFFFFF" mouseOverColor="FFAA33" />
						</Button>
						<Button name="$(parent)Time1" verticalAlignment="1" horizontalAlignment="2" font="CS4Font">
							<Anchor point="2" relativePoint="8" relativeTo="$(parent)Line1" offsetX="5" />
							<Dimensions x="115" y="25" />
							<Textures normal="CraftStore4/dark.dds" />
							<FontColors normalColor="FFFFFF" />
						</Button>
						<Button name="$(parent)Line2" verticalAlignment="1" horizontalAlignment="0" font="CS4Font">
							<Anchor point="3" relativePoint="6" relativeTo="$(parent)Line1" offsetY="1" />
							<Dimensions x="179" y="25" />
							<Textures normal="CraftStore4/dark.dds" mouseOver="CraftStore4/over.dds" />
							<FontColors normalColor="FFFFFF" mouseOverColor="FFAA33" />
						</Button>
						<Button name="$(parent)Time2" verticalAlignment="1" horizontalAlignment="2" font="CS4Font">
							<Anchor point="2" relativePoint="8" relativeTo="$(parent)Line2" offsetX="5" />
							<Dimensions x="115" y="25" />
							<Textures normal="CraftStore4/dark.dds" />
							<FontColors normalColor="FFFFFF" />
						</Button>
						<Button name="$(parent)Line3" verticalAlignment="1" horizontalAlignment="0" font="CS4Font">
							<Anchor point="3" relativePoint="6" relativeTo="$(parent)Line2" offsetY="1" />
							<Dimensions x="179" y="25" />
							<Textures normal="CraftStore4/dark.dds" mouseOver="CraftStore4/over.dds" />
							<FontColors normalColor="FFFFFF" mouseOverColor="FFAA33" />
						</Button>
						<Button name="$(parent)Time3" verticalAlignment="1" horizontalAlignment="2" font="CS4Font">
							<Anchor point="2" relativePoint="8" relativeTo="$(parent)Line3" offsetX="5" />
							<Dimensions x="115" y="25" />
							<Textures normal="CraftStore4/dark.dds" />
							<FontColors normalColor="FFFFFF" />
						</Button>
					</Controls>
				</Backdrop>
				<Backdrop name="CS4_Research6" centerColor="383838" edgeColor="00000000">
					<AnchorFill/>
					<Edge edgeSize="1" />
					<Anchor point="3" relativePoint="6" relativeTo="CS4_Research1" offsetY="5" />
					<Dimensions x="303" y="111" />
					<Controls>
						<Label name="$(parent)Headline" font="CS4Font" color="999999" verticalAlignment="1" horizontalAlignment="0">
							<Anchor point="3" relativePoint="3" relativeTo="$(parent)" offsetX="5" offsetY="5" />
							<Dimensions x="240" y="22" />
						</Label>
						<Label name="$(parent)Count" font="CS4Font" color="999999" verticalAlignment="1" horizontalAlignment="2">
							<Anchor point="9" relativePoint="9" relativeTo="$(parent)" offsetX="-5" offsetY="5" />
							<Dimensions x="53" y="22" />
						</Label>
						<Button name="$(parent)Line1" verticalAlignment="1" horizontalAlignment="0" font="CS4Font">
							<Anchor point="3" relativePoint="3" relativeTo="$(parent)" offsetX="2" offsetY="32" />
							<Dimensions x="179" y="25" />
							<Textures normal="CraftStore4/dark.dds" mouseOver="CraftStore4/over.dds" />
							<FontColors normalColor="FFFFFF" mouseOverColor="FFAA33" />
						</Button>
						<Button name="$(parent)Time1" verticalAlignment="1" horizontalAlignment="2" font="CS4Font">
							<Anchor point="2" relativePoint="8" relativeTo="$(parent)Line1" offsetX="5" />
							<Dimensions x="115" y="25" />
							<Textures normal="CraftStore4/dark.dds" />
							<FontColors normalColor="FFFFFF" />
						</Button>
						<Button name="$(parent)Line2" verticalAlignment="1" horizontalAlignment="0" font="CS4Font">
							<Anchor point="3" relativePoint="6" relativeTo="$(parent)Line1" offsetY="1" />
							<Dimensions x="179" y="25" />
							<Textures normal="CraftStore4/dark.dds" mouseOver="CraftStore4/over.dds" />
							<FontColors normalColor="FFFFFF" mouseOverColor="FFAA33" />
						</Button>
						<Button name="$(parent)Time2" verticalAlignment="1" horizontalAlignment="2" font="CS4Font">
							<Anchor point="2" relativePoint="8" relativeTo="$(parent)Line2" offsetX="5" />
							<Dimensions x="115" y="25" />
							<Textures normal="CraftStore4/dark.dds" />
							<FontColors normalColor="FFFFFF" />
						</Button>
						<Button name="$(parent)Line3" verticalAlignment="1" horizontalAlignment="0" font="CS4Font">
							<Anchor point="3" relativePoint="6" relativeTo="$(parent)Line2" offsetY="1" />
							<Dimensions x="179" y="25" />
							<Textures normal="CraftStore4/dark.dds" mouseOver="CraftStore4/over.dds" />
							<FontColors normalColor="FFFFFF" mouseOverColor="FFAA33" />
						</Button>
						<Button name="$(parent)Time3" verticalAlignment="1" horizontalAlignment="2" font="CS4Font">
							<Anchor point="2" relativePoint="8" relativeTo="$(parent)Line3" offsetX="5" />
							<Dimensions x="115" y="25" />
							<Textures normal="CraftStore4/dark.dds" />
							<FontColors normalColor="FFFFFF" />
						</Button>
					</Controls>
				</Backdrop>
				<Button name="$(parent)24Hour" verticalAlignment="1" horizontalAlignment="1" font="CS4Bold" clickSound="Click">
					<Anchor point="12" relativePoint="6" relativeTo="CS4_Research6" offsetX="-5" />
					<Dimensions x="72" y="41" />
					<Textures normal="CraftStore4/grey.dds" mouseOver="CraftStore4/over.dds" />
					<FontColors normalColor="FFFFFF" mouseOverColor="FFAA33" />
				</Button>
				<Button name="$(parent)12Hour" verticalAlignment="1" horizontalAlignment="1" font="CS4Bold" clickSound="Click">
					<Anchor point="8" relativePoint="2" relativeTo="$(parent)24Hour" offsetX="-5" />
					<Dimensions x="72" y="41" />
					<Textures normal="CraftStore4/grey.dds" mouseOver="CraftStore4/over.dds" />
					<FontColors normalColor="FFFFFF" mouseOverColor="FFAA33" />
				</Button>
				<Button name="$(parent)Player" verticalAlignment="1" horizontalAlignment="1" font="CS4Font" clickSound="Click">
					<Anchor point="8" relativePoint="2" relativeTo="$(parent)12Hour" offsetX="-5" />
					<Dimensions x="205" y="41" />
					<Textures normal="CraftStore4/grey.dds" mouseOver="CraftStore4/over.dds" />
					<FontColors normalColor="FFFFFF" mouseOverColor="FFAA33" />
				</Button>
				<Button name="$(parent)Menu" verticalAlignment="1" horizontalAlignment="1" font="CS4Bold" clickSound="Click">
					<Anchor point="8" relativePoint="2" relativeTo="$(parent)Player" offsetX="-5" />
					<Dimensions x="153" y="41" />
					<Textures normal="CraftStore4/grey.dds" mouseOver="CraftStore4/over.dds" />
					<FontColors normalColor="FFFFFF" mouseOverColor="FFAA33" />
				</Button>
				<Button name="$(parent)Sign1" verticalAlignment="1" horizontalAlignment="2" font="CS4Font">
					<Anchor point="3" relativePoint="3" relativeTo="$(parent)" offsetX="10" offsetY="38" />
					<Dimensions x="153" y="30" />
					<Textures normal="CraftStore4/grey.dds" />
					<FontColors normalColor="999999" />
				</Button>
				<Button name="$(parent)Sign2" verticalAlignment="1" horizontalAlignment="2" font="CS4Font">
					<Anchor point="3" relativePoint="3" relativeTo="$(parent)" offsetX="10" offsetY="303" />
					<Dimensions x="153" y="30" />
					<Textures normal="CraftStore4/grey.dds" />
					<FontColors normalColor="999999" />
				</Button>
				<Button name="$(parent)Sign3" verticalAlignment="1" horizontalAlignment="2" font="CS4Font">
					<Anchor point="3" relativePoint="3" relativeTo="$(parent)" offsetX="10" offsetY="338" />
					<Dimensions x="153" y="30" />
					<Textures normal="CraftStore4/grey.dds" />
					<FontColors normalColor="999999" />
				</Button>
				<Button name="$(parent)Sign4" verticalAlignment="1" horizontalAlignment="2" font="CS4Font">
					<Anchor point="3" relativePoint="3" relativeTo="$(parent)" offsetX="10" offsetY="603" />
					<Dimensions x="153" y="30" />
					<Textures normal="CraftStore4/grey.dds" />
					<FontColors normalColor="999999" />
				</Button>
			</Controls>
		</TopLevelControl>
		<TopLevelControl hidden="true" clampedToScreen="true" movable="true" mouseEnabled="true" name="CS4_Style" allowBringToTop="true">
			<Dimensions x="450" y="719" />
			<OnMouseUp>CraftStore.account.position[2] = {self:GetLeft(),self:GetTop()}</OnMouseUp>
			<Controls>
				<Backdrop name="$(parent)BG" centerColor="181818" edgeColor="00000000">
					<AnchorFill/>
					<Edge edgeSize="1" />
				</Backdrop>
				<Label name="$(parent)Headline" font="CS4Font" color="FFAA33">
					<Anchor point="1" relativePoint="1" relativeTo="$(parent)" offsetY="5" />
				</Label>
				<Button name="$(parent)CloseButton" clickSound="Click">
					<Anchor point="9" relativePoint="9" relativeTo="$(parent)" offsetX="-7" offsetY="4" />
					<Dimensions y="25" x="25" />
					<Textures normal="esoui/art/buttons/decline_up.dds" pressed="esoui/art/buttons/decline_down.dds" mouseOver="esoui/art/buttons/decline_over.dds" />
					<OnClicked>SCENE_MANAGER:HideTopLevel(CS4_Style)</OnClicked>
				</Button>
				<Button name="$(parent)Styleitem">
					<Anchor point="3" relativePoint="3" relativeTo="$(parent)" offsetX="10" offsetY="35" />
					<Dimensions x="64" y="64" />
					<MouseButton button="2" enabled="true" />
					<Textures normal="CraftStore4/grey.dds" mouseOver="CraftStore4/over.dds" />
					<Controls>
						<Texture name="$(parent)Texture" tier="2">
							<Anchor point="128" relativePoint="128" relativeTo="$(parent)" />
							<Dimensions x="56" y="56" />
						</Texture>
					</Controls>
				</Button>
				<Backdrop name="$(parent)Header" centerColor="383838" edgeColor="00000000">
					<Anchor point="2" relativePoint="8" relativeTo="$(parent)Styleitem" offsetX="1" />
					<Dimensions x="365" y="64" />
					<Edge edgeSize="1" />
					<Controls>
						<Label name="$(parent)Name" font="CS4Bold" color="FFAA33">
							<Anchor point="3" relativePoint="3" relativeTo="$(parent)" offsetX="10" offsetY="7" />
						</Label>
						<Button name="$(parent)Achieve" clickSound="Click" verticalAlignment="1" horizontalAlignment="0" font="CS4Font">
							<Anchor point="6" relativePoint="6" relativeTo="$(parent)" offsetX="10" />
							<Dimensions x="350" y="32" />
							<MouseButton button="2" enabled="true" />
							<FontColors normalColor="FFFFFF" mouseOverColor="FFAA33" />
						</Button>
					</Controls>
				</Backdrop>
				<Backdrop name="$(parent)List" centerColor="383838" edgeColor="00383838" inherits="ZO_ScrollContainerBase">
					<Anchor point="12" relativePoint="12" relativeTo="$(parent)" offsetX="-10" offsetY="-10" />
					<Dimensions x="284" y="609" />
					<Edge edgeSize="1" />
					<OnInitialized>ZO_Scroll_Initialize(self)</OnInitialized>
					<Controls>
						<Control name="$(parent)ScrollChild">
							<OnInitialized>self:SetParent(self:GetParent():GetNamedChild("Scroll"));self:SetAnchor(3,nil,3,0,0)</OnInitialized>
						</Control>
					</Controls>
				</Backdrop>
				<Button name="$(parent)Armor1" clickSound="Click" verticalAlignment="1" horizontalAlignment="1" font="CS4Font">
					<Anchor point="3" relativePoint="6" relativeTo="$(parent)Styleitem" offsetY="1" />
					<Dimensions x="145" y="32" />
					<Textures normal="CraftStore4/grey.dds" mouseOver="CraftStore4/over.dds" />
					<FontColors normalColor="FFFFFF" mouseOverColor="FFAA33" />
				</Button>
				<Button name="$(parent)Armor2" clickSound="Click" verticalAlignment="1" horizontalAlignment="1" font="CS4Font">
					<Anchor point="1" relativePoint="4" relativeTo="$(parent)Armor1" offsetY="1" />
					<Dimensions x="145" y="32" />
					<Textures normal="CraftStore4/grey.dds" mouseOver="CraftStore4/over.dds" />
					<FontColors normalColor="FFFFFF" mouseOverColor="FFAA33" />
				</Button>
				<Button name="$(parent)Armor3" clickSound="Click" verticalAlignment="1" horizontalAlignment="1" font="CS4Font">
					<Anchor point="1" relativePoint="4" relativeTo="$(parent)Armor2" offsetY="1" />
					<Dimensions x="145" y="32" />
					<Textures normal="CraftStore4/grey.dds" mouseOver="CraftStore4/over.dds" />
					<FontColors normalColor="FFFFFF" mouseOverColor="FFAA33" />
				</Button>
			</Controls>
		</TopLevelControl>
		<TopLevelControl hidden="true" clampedToScreen="true" movable="true" mouseEnabled="true" name="CS4_SetCraft" allowBringToTop="true">
			<Dimensions x="501" y="647" />
			<OnMouseUp>CraftStore.account.position[3] = {self:GetLeft(),self:GetTop()}</OnMouseUp>
			<Controls>
				<Backdrop name="$(parent)BG" centerColor="181818" edgeColor="00000000">
					<AnchorFill/>
					<Edge edgeSize="1" />
				</Backdrop>
				<Label name="$(parent)Headline" font="CS4Font" color="FFAA33">
					<Anchor point="1" relativePoint="1" relativeTo="$(parent)" offsetY="5" />
				</Label>
				<Button name="$(parent)CloseButton" clickSound="Click">
					<Anchor point="9" relativePoint="9" relativeTo="$(parent)" offsetX="-7" offsetY="4" />
					<Dimensions y="25" x="25" />
					<Textures normal="esoui/art/buttons/decline_up.dds" pressed="esoui/art/buttons/decline_down.dds" mouseOver="esoui/art/buttons/decline_over.dds" />
					<OnClicked>SCENE_MANAGER:HideTopLevel(CS4_SetCraft)</OnClicked>
				</Button>
				<Button name="$(parent)Header" verticalAlignment="1" horizontalAlignment="1" font="CS4Bold">
					<Anchor point="3" relativePoint="3" relativeTo="$(parent)" offsetX="10" offsetY="35" />
					<Dimensions x="481" y="40" />
					<Textures normal="CraftStore4/grey.dds" />
					<FontColors normalColor="FFAA33" mouseOverColor="FFAA33" />
				</Button>
				<Button name="$(parent)Player" clickSound="Click" verticalAlignment="1" horizontalAlignment="1" font="CS4Font">
					<Anchor point="3" relativePoint="6" relativeTo="$(parent)Header" offsetY="1" />
					<Dimensions x="230" y="32" />
					<Textures normal="CraftStore4/grey.dds" mouseOver="CraftStore4/over.dds" />
					<FontColors normalColor="FFFFFF" mouseOverColor="FFAA33" />
				</Button>
				<Control name="$(parent)Traitinfo">
					<Anchor point="3" relativePoint="6" relativeTo="$(parent)Player" offsetY="1" />
					<Dimensions x="230" y="164" />
				</Control>
				<Backdrop name="$(parent)List" centerColor="383838" edgeColor="00383838" inherits="ZO_ScrollContainerBase">
					<Anchor point="9" relativePoint="12" relativeTo="$(parent)Header" offsetY="1" />
					<Dimensions x="250" y="350" />
					<Edge edgeSize="1" />
					<OnInitialized>ZO_Scroll_Initialize(self)</OnInitialized>
					<Controls>
						<Control name="$(parent)ScrollChild">
							<OnInitialized>self:SetParent(self:GetParent():GetNamedChild("Scroll"));self:SetAnchor(3,nil,3,0,0)</OnInitialized>
						</Control>
					</Controls>
				</Backdrop>
				<Backdrop name="$(parent)Info" centerColor="383838" edgeColor="00383838" inherits="ZO_ScrollContainerBase">
					<Anchor point="9" relativePoint="12" relativeTo="$(parent)List" offsetY="1" />
					<Dimensions x="481" y="210" />
					<Edge edgeSize="1" />
					<OnInitialized>ZO_Scroll_Initialize(self)</OnInitialized>
					<Controls>
						<Control name="$(parent)ScrollChild">
							<OnInitialized>self:SetParent(self:GetParent():GetNamedChild("Scroll"));self:SetAnchor(3,nil,3,0,0)</OnInitialized>
							<Controls>
								<Label name="$(parent)Text" font="CS4Font" color="FFFFFF">
									<Anchor point="3" relativePoint="3" relativeTo="$(parent)" offsetX="8" offsetY="5" />
									<Dimensions x="460" />
								</Label>
							</Controls>
						</Control>
					</Controls>
				</Backdrop>
				<Button name="$(parent)Shrine1" clickSound="Click" verticalAlignment="1" horizontalAlignment="0" font="CS4Font">
					<Anchor point="1" relativePoint="4" relativeTo="$(parent)Traitinfo" offsetY="1" />
					<Dimensions x="230" y="50" />
					<Textures normal="CraftStore4/grey.dds" mouseOver="CraftStore4/over.dds" />
					<FontColors normalColor="FFFFFF" mouseOverColor="FFAA33" />
				</Button>
				<Button name="$(parent)Shrine2" clickSound="Click" verticalAlignment="1" horizontalAlignment="0" font="CS4Font">
					<Anchor point="1" relativePoint="4" relativeTo="$(parent)Shrine1" offsetY="1" />
					<Dimensions x="230" y="50" />
					<Textures normal="CraftStore4/grey.dds" mouseOver="CraftStore4/over.dds" />
					<FontColors normalColor="FFFFFF" mouseOverColor="FFAA33" />
				</Button>
				<Button name="$(parent)Shrine3" clickSound="Click" verticalAlignment="1" horizontalAlignment="0" font="CS4Font">
					<Anchor point="1" relativePoint="4" relativeTo="$(parent)Shrine2" offsetY="1" />
					<Dimensions x="230" y="50" />
					<Textures normal="CraftStore4/grey.dds" mouseOver="CraftStore4/over.dds" />
					<FontColors normalColor="FFFFFF" mouseOverColor="FFAA33" />
				</Button>
			</Controls>
		</TopLevelControl>
				
		<TopLevelControl hidden="true" name="CS4_Tip" tier="3" layer="1">
			<Dimensions x="270" y="10" />
			<Controls>
				<Texture name="$(parent)BG" textureFile="esoui/art/miscellaneous/mungewindow_512.dds">
					<Anchor point="128" relativePoint="128" relativeTo="$(parent)" />
					<Dimensions x="310" y="10" />
				</Texture>
				<Label name="$(parent)Name" font="CS4Font" color="8085FF" horizontalAlignment="2">
					<Anchor point="3" relativePoint="3" relativeTo="$(parent)" offsetY="5" />
					<Dimensions x="200" />
				</Label>
				<Label name="$(parent)Amount" font="CS4Font" color="C0C5FF" horizontalAlignment="2">
					<Anchor point="3" relativePoint="9" relativeTo="$(parent)Name" />
					<Dimensions x="55" />
				</Label>
				<Label name="$(parent)Count" font="CS4Font" color="C0C5FF" horizontalAlignment="2">
					<Anchor point="1" relativePoint="4" relativeTo="$(parent)Amount" offsetY="5" />
					<Dimensions x="55" y="25" />
				</Label>
				<Backdrop name="$(parent)Line" centerColor="635B3D" edgeColor="00534B2D">
					<Dimensions x="250" y="2" />
					<Anchor point="4" relativePoint="4" relativeTo="$(parent)" offsetY="-25" />
					<Edge edgeSize="1" />
				</Backdrop>
			</Controls>
		</TopLevelControl>
		<TopLevelControl hidden="true" name="CS4_TipStyle" topmost="true">
			<Dimensions x="414" y="40" />
			<Controls>
				<Backdrop name="$(parent)BG" centerColor="00080808" edgeColor="00C5C29E">
					<AnchorFill/>
					<Edge edgeSize="2" />
				</Backdrop>
				<Label name="$(parent)Name" font="CS4TTFont" color="FFFFFF" horizontalAlignment="1">
					<Anchor point="128" relativePoint="128" relativeTo="$(parent)" />
				</Label>
			</Controls>
		</TopLevelControl>
		<TopLevelControl hidden="true" mouseEnabled="true" name="CS4_Commander" topmost="true">
			<Anchor point="128" relativePoint="128" relativeTo="GuiRoot" />
			<Dimensions x="400" y="490" />
			<Controls>
				<Texture name="$(parent)BG" textureFile="esoui/art/miscellaneous/mungewindow_512.dds"><AnchorFill /></Texture>
				<Texture name="$(parent)Logo" textureFile="CraftStore4/cs4big.dds">
					<Anchor point="128" relativePoint="1" relativeTo="$(parent)" offsetY="30" />
					<Dimensions x="128" y="128" />
				</Texture>
				<Button name="$(parent)Button1" clickSound="Click" verticalAlignment="1" horizontalAlignment="1" font="CS4Bold">
					<Anchor point="1" relativePoint="1" relativeTo="$(parent)" offsetY="110" />
					<Textures normal="CraftStore4/grey.dds" mouseOver="CraftStore4/over.dds" />
					<FontColors normalColor="FFFFFF" mouseOverColor="FFAA33" />
					<Dimensions x="300" y="40" />
					<OnClicked>SCENE_MANAGER:ToggleTopLevel(CS4_Panel)</OnClicked>
				</Button>
				<Button name="$(parent)Button2" clickSound="Click" verticalAlignment="1" horizontalAlignment="1" font="CS4Bold">
					<Anchor point="1" relativePoint="4" relativeTo="$(parent)Button1" offsetY="5" />
					<Textures normal="CraftStore4/grey.dds" mouseOver="CraftStore4/over.dds" />
					<FontColors normalColor="FFFFFF" mouseOverColor="FFAA33" />
					<Dimensions x="300" y="40" />
					<OnClicked>SCENE_MANAGER:ToggleTopLevel(CS4_Style)</OnClicked>
				</Button>
				<Button name="$(parent)Button3" clickSound="Click" verticalAlignment="1" horizontalAlignment="1" font="CS4Bold">
					<Anchor point="1" relativePoint="4" relativeTo="$(parent)Button2" offsetY="5" />
					<Textures normal="CraftStore4/grey.dds" mouseOver="CraftStore4/over.dds" />
					<FontColors normalColor="FFFFFF" mouseOverColor="FFAA33" />
					<Dimensions x="300" y="40" />
					<OnClicked>SCENE_MANAGER:ToggleTopLevel(CS4_SetCraft)</OnClicked>
				</Button>
				<Button name="$(parent)Button4" clickSound="Click" verticalAlignment="1" horizontalAlignment="1" font="CS4Bold">
					<Anchor point="1" relativePoint="4" relativeTo="$(parent)Button3" offsetY="5" />
					<Textures normal="CraftStore4/grey.dds" mouseOver="CraftStore4/over.dds" />
					<FontColors normalColor="FFFFFF" mouseOverColor="FFAA33" />
					<Dimensions x="300" y="40" />
					<OnClicked>SCENE_MANAGER:ToggleTopLevel(CS4_Cook)</OnClicked>
				</Button>
				<Button name="$(parent)Button5" clickSound="Click" verticalAlignment="1" horizontalAlignment="1" font="CS4Bold">
					<Anchor point="1" relativePoint="4" relativeTo="$(parent)Button4" offsetY="5" />
					<Textures normal="CraftStore4/grey.dds" mouseOver="CraftStore4/over.dds" />
					<FontColors normalColor="FFFFFF" mouseOverColor="FFAA33" />
					<Dimensions x="300" y="40" />
					<OnClicked>SCENE_MANAGER:ToggleTopLevel(CS4_Rune)</OnClicked>
				</Button>
				<Button name="$(parent)Button6" clickSound="Click" verticalAlignment="1" horizontalAlignment="1" font="CS4Bold">
					<Anchor point="1" relativePoint="4" relativeTo="$(parent)Button5" offsetY="5" />
					<Textures normal="CraftStore4/grey.dds" mouseOver="CraftStore4/over.dds" />
					<FontColors normalColor="FFFFFF" mouseOverColor="FFAA33" />
					<Dimensions x="300" y="40" />
					<OnClicked>SCENE_MANAGER:ToggleTopLevel(CS4_Flask)</OnClicked>
				</Button>
				<Button name="$(parent)Button7" clickSound="Click" verticalAlignment="1" horizontalAlignment="1" font="CS4Bold">
					<Anchor point="1" relativePoint="4" relativeTo="$(parent)Button6" offsetY="5" />
					<Textures normal="CraftStore4/grey.dds" mouseOver="CraftStore4/over.dds" />
					<FontColors normalColor="FFFFFF" mouseOverColor="FFAA33" />
					<Dimensions x="300" y="40" />
					<OnClicked>SCENE_MANAGER:ToggleTopLevel(CS4_Bags)</OnClicked>
				</Button>
			</Controls>
		</TopLevelControl>

		<TopLevelControl hidden="true" name="CS4_Players">
			<Anchor point="3" relativePoint="9" relativeTo="CS4_Panel" />
			<Dimensions x="240" y="690" />
			<Controls>
				<Backdrop name="$(parent)BG" centerColor="181818" edgeColor="00000000">
					<AnchorFill/>
					<Edge edgeSize="1" />
				</Backdrop>
				<Button name="$(parent)CloseButton" clickSound="Click">
					<Anchor point="9" relativePoint="9" relativeTo="$(parent)" offsetX="-5" offsetY="5" />
					<Dimensions x="25" y="25" />
					<Textures normal="esoui/art/buttons/decline_up.dds" pressed="esoui/art/buttons/decline_down.dds" mouseOver="esoui/art/buttons/decline_over.dds" />
				</Button>
				<Backdrop name="$(parent)List" centerColor="181818" edgeColor="00000000" inherits="ZO_ScrollContainerBase">
					<Anchor point="3" relativePoint="3" relativeTo="$(parent)" offsetY="37" />
					<Dimensions x="240" y="300" />
					<OnInitialized>ZO_Scroll_Initialize(self)</OnInitialized>
					<Controls>
						<Control name="$(parent)ScrollChild">
							<OnInitialized>self:SetParent(self:GetParent():GetNamedChild("Scroll"));self:SetAnchor(3,nil,3,0,0)</OnInitialized>
						</Control>
					</Controls>
				</Backdrop>
				<Backdrop name="$(parent)Filters" centerColor="181818" edgeColor="00000000" inherits="ZO_ScrollContainerBase">
					<Anchor point="3" relativePoint="6" relativeTo="$(parent)List" offsetY="5" />
					<Dimensions x="240" y="300" />
					<OnInitialized>ZO_Scroll_Initialize(self)</OnInitialized>
					<Controls>
						<Control name="$(parent)ScrollChild">
							<OnInitialized>self:SetParent(self:GetParent():GetNamedChild("Scroll"));self:SetAnchor(3,nil,3,0,0)</OnInitialized>
						</Control>
					</Controls>
				</Backdrop>
				<!--Button name="$(parent)TrackingStyle" clickSound="Click">
					<Anchor point="3" relativePoint="3" relativeTo="$(parent)" offsetY="400" />
					<Dimensions x="240" y="25" />
				</Button>
				<Button name="$(parent)TrackingRecipe" clickSound="Click">
					<Anchor point="9" relativePoint="9" relativeTo="$(parent)" offsetX="-5" offsetY="5" />
					<Dimensions x="240" y="25" />
				</Button>
				<Button name="$(parent)Mainchar" clickSound="Click">
					<Anchor point="9" relativePoint="9" relativeTo="$(parent)" offsetX="-5" offsetY="5" />
					<Dimensions x="240" y="25" />
				</Button-->
			</Controls>
		</TopLevelControl>

		<TopLevelControl hidden="true" clampedToScreen="true" movable="true" mouseEnabled="true" name="CS4_Bags" allowBringToTop="true">
			<Dimensions x="445" y="639" />
			<OnMouseUp>CraftStore.account.position[4] = {self:GetLeft(),self:GetTop()}</OnMouseUp>
			<Controls>
				<Backdrop name="$(parent)BG" centerColor="181818" edgeColor="00000000">
					<AnchorFill/>
					<Edge edgeSize="1" />
				</Backdrop>
				<Label name="$(parent)Headline" font="CS4Font" color="FFAA33">
					<Anchor point="1" relativePoint="1" relativeTo="$(parent)" offsetY="5" />
				</Label>
				<Button name="$(parent)CloseButton" clickSound="Click">
					<Anchor point="9" relativePoint="9" relativeTo="$(parent)" offsetX="-7" offsetY="4" />
					<Dimensions y="25" x="25" />
					<Textures normal="esoui/art/buttons/decline_up.dds" pressed="esoui/art/buttons/decline_down.dds" mouseOver="esoui/art/buttons/decline_over.dds" />
					<OnClicked>SCENE_MANAGER:HideTopLevel(CS4_Bags)</OnClicked>
				</Button>
				<Button name="$(parent)Source" clickSound="Click" verticalAlignment="1" horizontalAlignment="1" font="CS4Font">
					<Anchor point="1" relativePoint="1" relativeTo="$(parent)" offsetY="35" />
					<Dimensions x="425" y="32" />
					<Textures normal="CraftStore4/grey.dds" mouseOver="CraftStore4/over.dds" />
					<FontColors normalColor="FFFFFF" mouseOverColor="FFAA33" />
				</Button>
				<EditBox name="$(parent)Search" font="CS4Font" color="FFFFFF" maxInputCharacters="100" inherits="ZO_DefaultEditForBackdrop ZO_EditDefaultText" tier="2">
					<Anchor point="2" relativePoint="2" relativeTo="$(parent)Source" offsetX="10"/>
					<Dimensions x="210" y="24"/>
					<Controls>
						<Backdrop name="$(parent)BG" centerColor="80000000" edgeColor="00202020"><Dimensions x="220" y="24"/><Anchor point="128"/><Edge edgeSize="1"/></Backdrop>
					</Controls>
					<OnFocusGained>self:SetText("")</OnFocusGained>
					<OnEscape>self:LoseFocus()</OnEscape>
					<OnEnter>self:LoseFocus()</OnEnter>
				</EditBox>
				<Backdrop name="$(parent)List" centerColor="202020" edgeColor="00383838" inherits="ZO_ScrollContainerBase">
					<Anchor point="1" relativePoint="4" relativeTo="$(parent)Source" offsetY="1" />
					<Dimensions x="425" y="561" />
					<Edge edgeSize="1" />
					<OnInitialized>ZO_Scroll_Initialize(self)</OnInitialized>
					<Controls>
						<Control name="$(parent)ScrollChild">
							<OnInitialized>self:SetParent(self:GetParent():GetNamedChild("Scroll"));self:SetAnchor(3,nil,3,0,0)</OnInitialized>
						</Control>
					</Controls>
				</Backdrop>
			</Controls>
		</TopLevelControl>
		<TopLevelControl hidden="true" name="CS4_Filter">
			<Anchor point="3" relativePoint="9" relativeTo="CS4_Bags" />
			<Dimensions x="240" y="639" />
			<Controls>
				<Backdrop name="$(parent)BG" centerColor="181818" edgeColor="00000000">
					<AnchorFill/>
					<Edge edgeSize="1" />
				</Backdrop>
				<Backdrop name="$(parent)Player" centerColor="181818" edgeColor="00000000" inherits="ZO_ScrollContainerBase">
					<Anchor point="3" relativePoint="3" relativeTo="$(parent)" offsetY="37" />
					<Dimensions x="240" y="300" />
					<OnInitialized>ZO_Scroll_Initialize(self)</OnInitialized>
					<Controls>
						<Control name="$(parent)ScrollChild">
							<OnInitialized>self:SetParent(self:GetParent():GetNamedChild("Scroll"));self:SetAnchor(3,nil,3,0,0)</OnInitialized>
						</Control>
					</Controls>
				</Backdrop>
				<Backdrop name="$(parent)Filters" centerColor="181818" edgeColor="00000000" inherits="ZO_ScrollContainerBase">
					<Anchor point="3" relativePoint="6" relativeTo="$(parent)Player" offsetY="5" />
					<Dimensions x="240" y="286" />
					<OnInitialized>ZO_Scroll_Initialize(self)</OnInitialized>
					<Controls>
						<Control name="$(parent)ScrollChild">
							<OnInitialized>self:SetParent(self:GetParent():GetNamedChild("Scroll"));self:SetAnchor(3,nil,3,0,0)</OnInitialized>
						</Control>
					</Controls>
				</Backdrop>
			</Controls>
		</TopLevelControl>

		<Button hidden="true" name="CS4_BankSelector1" clickSound="Click" verticalAlignment="1" horizontalAlignment="0" font="CS4Font">
			<OnInitialized>self:SetParent(ZO_GuildBank)</OnInitialized>
			<Anchor point="4" relativePoint="1" relativeTo="ZO_KeybindStripMungeBackground" offsetY="-100" />
			<Dimensions x="300" y="24" />
			<FontColors normalColor="FFFFFF" mouseOverColor="FFAA33" />
		</Button>
		<Button hidden="true" name="CS4_BankSelector2" clickSound="Click" verticalAlignment="1" horizontalAlignment="0" font="CS4Font">
			<OnInitialized>self:SetParent(ZO_GuildBank)</OnInitialized>
			<Anchor point="1" relativePoint="4" relativeTo="CS4_BankSelector1" />
			<Dimensions x="300" y="24" />
			<FontColors normalColor="FFFFFF" mouseOverColor="FFAA33" />
		</Button>
		<Button hidden="true" name="CS4_BankSelector3" clickSound="Click" verticalAlignment="1" horizontalAlignment="0" font="CS4Font">
			<OnInitialized>self:SetParent(ZO_GuildBank)</OnInitialized>
			<Anchor point="1" relativePoint="4" relativeTo="CS4_BankSelector2" />
			<Dimensions x="300" y="24" />
			<FontColors normalColor="FFFFFF" mouseOverColor="FFAA33" />
		</Button>
		<Button hidden="true" name="CS4_BankSelector4" clickSound="Click" verticalAlignment="1" horizontalAlignment="0" font="CS4Font">
			<OnInitialized>self:SetParent(ZO_GuildBank)</OnInitialized>
			<Anchor point="1" relativePoint="4" relativeTo="CS4_BankSelector3" />
			<Dimensions x="300" y="24" />
			<FontColors normalColor="FFFFFF" mouseOverColor="FFAA33" />
		</Button>
		<Button hidden="true" name="CS4_BankSelector5" clickSound="Click" verticalAlignment="1" horizontalAlignment="0" font="CS4Font">
			<OnInitialized>self:SetParent(ZO_GuildBank)</OnInitialized>
			<Anchor point="1" relativePoint="4" relativeTo="CS4_BankSelector4" />
			<Dimensions x="300" y="24" />
			<FontColors normalColor="FFFFFF" mouseOverColor="FFAA33" />
		</Button>

        <TopLevelControl hidden="true" name="CS4_Rune" topmost="true">
            <Anchor point="8" relativePoint="8" relativeTo="GuiRoot" />
            <Dimensions x="529" y="800" />
            <Controls>
 				<Backdrop name="$(parent)BG" centerColor="181818" edgeColor="00000000">
					<AnchorFill/>
					<Edge edgeSize="1" />
				</Backdrop>
				<Label name="$(parent)Headline" font="ZoFontGame" color="FFAA33" text="CraftStoreRune">
					<Anchor point="1" relativePoint="1" relativeTo="$(parent)" offsetY="5" />
				</Label>
                <Backdrop name="$(parent)SearchAmount" centerColor="383838" edgeColor="00000000">
                    <Anchor point="3" relativePoint="3" relativeTo="$(parent)" offsetX="10" offsetY="35" />
                    <Dimensions x="122" y="40" />
                    <Edge edgeSize="1" />
                </Backdrop>
                <Button name="$(parent)LevelButton" clickSound="Click" horizontalAlignment="1" verticalAlignment="1" font="ZoFontGame">
                    <Anchor point="2" relativePoint="8" relativeTo="$(parent)SearchAmount" offsetX="1" />
                    <Dimensions x="304" y="40" />
                    <FontColors normalColor="FFFFFF" mouseOverColor="FFAA33" />
					<Textures normal="CraftStore4/grey.dds" mouseOver="CraftStore4/over.dds" />
                </Button>
                <Button hidden="true" name="$(parent)ExtractAll" clickSound="Click" horizontalAlignment="1" verticalAlignment="1" font="ZoFontGame">
                    <Anchor point="2" relativePoint="8" relativeTo="$(parent)SearchAmount" offsetX="1" />
                    <Dimensions x="304" y="40" />
					<MouseButton button="2" enabled="true"/>
                    <FontColors normalColor="FFFFFF" mouseOverColor="FFAA33" />
					<Textures normal="CraftStore4/grey.dds" mouseOver="CraftStore4/over.dds" />
                </Button>
                <Button name="$(parent)CreateButton" clickSound="Click">
                    <Anchor point="2" relativePoint="8" relativeTo="$(parent)LevelButton" offsetX="1" />
                    <Dimensions x="40" y="40" />
					<Textures normal="CraftStore4/grey.dds" mouseOver="CraftStore4/over.dds" />
                    <Controls>
                        <Texture name="$(parent)Texture" layer="1" textureFile="esoui/art/crafting/smithing_tabicon_creation_down.dds">
                            <Dimensions y="36" x="36" />
                            <Anchor point="128" />
                        </Texture>
                    </Controls>
                </Button>
                <Button name="$(parent)RefineButton" clickSound="Click">
                    <Anchor point="2" relativePoint="8" relativeTo="$(parent)CreateButton" offsetX="1" />
                    <Dimensions x="40" y="40" />
					<Textures normal="CraftStore4/grey.dds" mouseOver="CraftStore4/over.dds" />
                    <Controls>
                        <Texture name="$(parent)Texture" layer="1" textureFile="esoui/art/crafting/enchantment_tabicon_deconstruction_down.dds">
                            <Dimensions y="36" x="36" />
                            <Anchor point="128" />
                        </Texture>
                    </Controls>
                </Button>
                <Button hidden="true" name="$(parent)LevelMenu" layer="3">
                    <Anchor point="1" relativePoint="4" relativeTo="$(parent)LevelButton" offsetY="1" />
                    <Dimensions x="304" y="460" />
					<Textures normal="CraftStore4/green.dds" />
                </Button>
                <Button name="$(parent)ArmorButton" clickSound="Click">
                    <Anchor point="3" relativePoint="6" relativeTo="$(parent)SearchAmount" offsetY="1" />
                    <Dimensions x="40" y="40" />
					<Textures normal="CraftStore4/grey.dds" mouseOver="CraftStore4/over.dds" />
                    <Controls>
                        <Texture name="$(parent)Texture" layer="1" textureFile="esoui/art/icons/enchantment_armor_healthboost.dds">
                            <Dimensions y="28" x="28" />
                            <Anchor point="128" />
                        </Texture>
                    </Controls>
                </Button>
                <Button name="$(parent)WeaponButton" clickSound="Click">
                    <Anchor point="2" relativePoint="8" relativeTo="$(parent)ArmorButton" offsetX="1" />
                    <Dimensions x="40" y="40" />
					<Textures normal="CraftStore4/grey.dds" mouseOver="CraftStore4/over.dds" />
                    <Controls>
                        <Texture name="$(parent)Texture" layer="1" textureFile="esoui/art/icons/enchantment_weapon_berserking.dds">
                            <Dimensions y="28" x="28" />
                            <Anchor point="128" />
                        </Texture>
                    </Controls>
                </Button>
                <Button name="$(parent)JewelryButton" clickSound="Click">
                    <Anchor point="2" relativePoint="8" relativeTo="$(parent)WeaponButton" offsetX="1" />
                    <Dimensions x="40" y="40" />
					<Textures normal="CraftStore4/grey.dds" mouseOver="CraftStore4/over.dds" />
                    <Controls>
                        <Texture name="$(parent)Texture" layer="1" textureFile="esoui/art/icons/enchantment_jewelry_increaseweapondamage.dds">
                            <Dimensions y="28" x="28" />
                            <Anchor point="128" />
                        </Texture>
                    </Controls>
                </Button>
                <Button name="$(parent)HandmadeButton" clickSound="Click">
                    <Anchor point="2" relativePoint="8" relativeTo="$(parent)JewelryButton" offsetX="1" />
                    <Dimensions x="40" y="40" />
					<Textures normal="CraftStore4/grey.dds" mouseOver="CraftStore4/over.dds" />
                    <Controls>
                        <Texture name="$(parent)Texture" layer="1" textureFile="esoui/art/crafting/enchantment_tabicon_essence_down.dds">
                            <Dimensions y="28" x="28" />
                            <Anchor point="128" />
                        </Texture>
                    </Controls>
                </Button>
                <Button name="$(parent)FavoriteButton" clickSound="Click">
                    <Anchor point="2" relativePoint="8" relativeTo="$(parent)HandmadeButton" offsetX="1" />
                    <Dimensions x="40" y="40" />
					<Textures normal="CraftStore4/grey.dds" mouseOver="CraftStore4/over.dds" />
                    <Controls>
                        <Texture name="$(parent)Texture" layer="1" textureFile="CraftStore/star.dds" color="FFFF00">
                            <Dimensions y="22" x="22" />
                            <Anchor point="128" />
                        </Texture>
                    </Controls>
                </Button>
                <Button name="$(parent)Aspect1Button" clickSound="Click">
                    <Anchor point="2" relativePoint="8" relativeTo="$(parent)FavoriteButton" offsetX="1" />
                    <Dimensions x="60" y="40" />
					<Textures normal="CraftStore4/grey.dds" mouseOver="CraftStore4/over.dds" />
                    <Controls>
                        <Texture name="$(parent)Texture" layer="1" textureFile="esoui/art/crafting/enchantment_tabicon_aspect_down.dds">
                            <Dimensions y="38" x="38" />
                            <Anchor point="128" offsetX="-8" />
                        </Texture>
						<Label name="$(parent)Count" font="ZoFontGameSmall" layer="2" color="FFFFFF" text="0">
							<Anchor point="128" offsetX="9" offsetY="7" />
						</Label>
                    </Controls>
                </Button>
                <Button name="$(parent)Aspect2Button" clickSound="Click">
                    <Anchor point="2" relativePoint="8" relativeTo="$(parent)Aspect1Button" offsetX="1" />
                    <Dimensions x="60" y="40" />
					<Textures normal="CraftStore4/grey.dds" mouseOver="CraftStore4/over.dds" />
                    <Controls>
                        <Texture name="$(parent)Texture" layer="1" textureFile="esoui/art/crafting/enchantment_tabicon_aspect_down.dds" color="2DC50E">
                            <Dimensions y="38" x="38" />
                            <Anchor point="128" offsetX="-8" />
                        </Texture>
						<Label name="$(parent)Count" font="ZoFontGameSmall" layer="2" color="FFFFFF" text="0">
							<Anchor point="128" offsetX="9" offsetY="7" />
						</Label>
                    </Controls>
                </Button>
                <Button name="$(parent)Aspect3Button" clickSound="Click">
                    <Anchor point="2" relativePoint="8" relativeTo="$(parent)Aspect2Button" offsetX="1" />
                    <Dimensions x="60" y="40" />
					<Textures normal="CraftStore4/grey.dds" mouseOver="CraftStore4/over.dds" />
                    <Controls>
                        <Texture name="$(parent)Texture" layer="1" textureFile="esoui/art/crafting/enchantment_tabicon_aspect_down.dds" color="3A92FF">
                            <Dimensions y="38" x="38" />
                            <Anchor point="128" offsetX="-8" />
                        </Texture>
						<Label name="$(parent)Count" font="ZoFontGameSmall" layer="2" color="FFFFFF" text="0">
							<Anchor point="128" offsetX="9" offsetY="7" />
						</Label>
                    </Controls>
                </Button>
                <Button name="$(parent)Aspect4Button" clickSound="Click">
                    <Anchor point="2" relativePoint="8" relativeTo="$(parent)Aspect3Button" offsetX="1" />
                    <Dimensions x="60" y="40" />
					<Textures normal="CraftStore4/grey.dds" mouseOver="CraftStore4/over.dds" />
                    <Controls>
                        <Texture name="$(parent)Texture" layer="1" textureFile="esoui/art/crafting/enchantment_tabicon_aspect_down.dds" color="A02EF7">
                            <Dimensions y="38" x="38" />
                            <Anchor point="128" offsetX="-8" />
                        </Texture>
						<Label name="$(parent)Count" font="ZoFontGameSmall" layer="2" color="FFFFFF" text="0">
							<Anchor point="128" offsetX="9" offsetY="7" />
						</Label>
                    </Controls>
                </Button>
                <Button name="$(parent)Aspect5Button" clickSound="Click">
                    <Anchor point="2" relativePoint="8" relativeTo="$(parent)Aspect4Button" offsetX="1" />
                    <Dimensions x="60" y="40" />
					<Textures normal="CraftStore4/grey.dds" mouseOver="CraftStore4/over.dds" />
                    <Controls>
                        <Texture name="$(parent)Texture" layer="1" textureFile="esoui/art/crafting/enchantment_tabicon_aspect_down.dds" color="EECA2A">
                            <Dimensions y="38" x="38" />
                            <Anchor point="128" offsetX="-8" />
                        </Texture>
						<Label name="$(parent)Count" font="ZoFontGameSmall" layer="2" color="FFFFFF" text="0">
							<Anchor point="128" offsetX="9" offsetY="7" />
						</Label>
                    </Controls>
                </Button>
                <Backdrop name="$(parent)GlyphSection" centerColor="202020" edgeColor="00202020" inherits="ZO_ScrollContainerBase">
                    <Anchor point="3" relativePoint="6" relativeTo="$(parent)ArmorButton" offsetY="1" />
                    <Dimensions x="509" y="660" />
                    <Edge edgeSize="1" />
                    <OnInitialized>ZO_Scroll_Initialize(self)</OnInitialized>
                    <Controls>
                        <Control name="$(parent)ScrollChild">
                            <OnInitialized>self:SetParent(self:GetParent():GetNamedChild("Scroll"));self:SetAnchor(3,nil,3,0,0)</OnInitialized>
                            <Controls>
                                <Control name="$(parent)Refine" hidden="true">
                                    <Anchor point="3" relativePoint="3" relativeTo="$(parent)" />
                                </Control>
                                <Control name="$(parent)Selection" hidden="true">
									<Anchor point="3" relativePoint="3" relativeTo="$(parent)" />
									<Controls>
										<Button name="$(parent)GlyphButton" clickSound="Click">
											<Anchor point="1" relativePoint="1" relativeTo="$(parent)" />
											<Dimensions x="509" y="44" />
											<Textures normal="CraftStore4/grey.dds" mouseOver="CraftStore4/over.dds" />
											<FontColors normalColor="FFFFFF" mouseOverColor="FFAA33" />
										</Button>
									</Controls>
                                </Control>
                            </Controls>
                        </Control>
                    </Controls>
                </Backdrop>
                <Label name="$(parent)Info" font="CS4Font" color="FFFFFF" horizontalAlignment="2">
                    <Anchor point="9" relativePoint="9" relativeTo="$(parent)" offsetX="-10" offsetY="5" />
                </Label>
                <EditBox name="$(parent)Amount" font="CS4Font" color="999999" maxInputCharacters="11" inherits="ZO_DefaultEditForBackdrop ZO_EditDefaultText">
                    <Anchor point="2" relativePoint="2" relativeTo="$(parent)SearchAmount" offsetX="20" offsetY="2"/>
                    <Dimensions x="80" y="24" />
					<OnInitialized>self:SetText(GetString(SI_TRADING_HOUSE_POSTING_QUANTITY).."...")</OnInitialized>
                    <OnFocusGained>self:SetText("");self:SetColor(1,1,1,1)</OnFocusGained>
                    <Controls>
                        <Backdrop name="$(parent)BG" centerColor="181818" edgeColor="00000000">
                            <Dimensions x="103" y="28" />
                            <Anchor point="2" relativePoint="2" relativeTo="CS4_RuneSearchAmount" offsetX="10" />
                            <Edge edgeSize="1" />
                        </Backdrop>
                    </Controls>
                </EditBox>
            </Controls>
        </TopLevelControl>

		<TopLevelControl name="CraftStore4">
			<OnInitialized></OnInitialized>
			<OnUpdate>CraftStore:Queue()</OnUpdate>
		</TopLevelControl>
	</Controls>
</GuiXml>