<GuiXml>
	<Font name="CS4Font" font="$(MEDIUM_FONT)|16" />
	<Font name="CS4Bold" font="$(BOLD_FONT)|18" />
	<Font name="CS4TTFont" font="$(BOLD_FONT)|14" />
	<Font name="CS4Insp" font="$(BOLD_FONT)|24|soft-shadow-thin" />
	<Controls>
		<TopLevelControl hidden="true" clampedToScreen="true" movable="true" mouseEnabled="true" name="CS4_Panel" allowBringToTop="true" layer="1" level="2" tier="2">
			<Anchor point="128" relativePoint="128" relativeTo="GuiRoot" />
			<Dimensions x="845" y="690" />
			<Controls>
				<Backdrop name="$(parent)BG" centerColor="181818" edgeColor="00000000">
					<AnchorFill/>
					<Edge edgeSize="1" />
				</Backdrop>
				<Label name="$(parent)Headline" font="ZoFontGame" color="FFFFFF">
					<Anchor point="1" relativePoint="1" relativeTo="$(parent)" offsetY="5" />
					<OnInitialized>self:SetText("|cFFAA33"..CraftStore.name.."|r "..CraftStore.version)</OnInitialized>
				</Label>
				<Button name="$(parent)CloseButton" clickSound="Click">
					<Anchor point="9" relativePoint="9" relativeTo="$(parent)" offsetX="-5" offsetY="5" />
					<Dimensions y="25" x="25" />
					<Textures normal="esoui/art/buttons/decline_up.dds" pressed="esoui/art/buttons/decline_down.dds" mouseOver="esoui/art/buttons/decline_over.dds" />
					<OnClicked>SCENE_MANAGER:HideTopLevel(CS4_Panel)</OnClicked>
				</Button>
				<Backdrop name="CS4_Research2" centerColor="383838" edgeColor="00000000">
					<AnchorFill/>
					<Edge edgeSize="1" />
					<Anchor point="3" relativePoint="3" relativeTo="$(parent)" offsetX="532" offsetY="337" />
					<Dimensions x="303" y="111" />
					<Controls>
						<Label name="$(parent)Headline" font="CS4Font" color="999999" verticalAlignment="1" horizontalAlignment="0">
							<Anchor point="3" relativePoint="3" relativeTo="$(parent)" offsetX="5" offsetY="5" />
							<Dimensions x="240" y="22" />
						</Label>
						<Label name="$(parent)Count" font="CS4Font" color="999999" verticalAlignment="1" horizontalAlignment="2">
							<Anchor point="9" relativePoint="9" relativeTo="$(parent)" offsetX="-5" offsetY="5" />
							<Dimensions x="53" y="22" />
						</Label>
						<Button name="$(parent)Line1" verticalAlignment="1" horizontalAlignment="0" font="CS4Font">
							<Anchor point="3" relativePoint="3" relativeTo="$(parent)" offsetX="2" offsetY="32" />
							<Dimensions x="179" y="25" />
							<Textures normal="CraftStore4/dark.dds" mouseOver="CraftStore4/over.dds" />
							<FontColors normalColor="FFFFFF" mouseOverColor="FFAA33" />
						</Button>
						<Button name="$(parent)Time1" verticalAlignment="1" horizontalAlignment="2" font="CS4Font">
							<Anchor point="2" relativePoint="8" relativeTo="$(parent)Line1" offsetX="5" />
							<Dimensions x="115" y="25" />
							<Textures normal="CraftStore4/dark.dds" />
							<FontColors normalColor="FFFFFF" />
						</Button>
						<Button name="$(parent)Line2" verticalAlignment="1" horizontalAlignment="0" font="CS4Font">
							<Anchor point="3" relativePoint="6" relativeTo="$(parent)Line1" offsetY="1" />
							<Dimensions x="179" y="25" />
							<Textures normal="CraftStore4/dark.dds" mouseOver="CraftStore4/over.dds" />
							<FontColors normalColor="FFFFFF" mouseOverColor="FFAA33" />
						</Button>
						<Button name="$(parent)Time2" verticalAlignment="1" horizontalAlignment="2" font="CS4Font">
							<Anchor point="2" relativePoint="8" relativeTo="$(parent)Line2" offsetX="5" />
							<Dimensions x="115" y="25" />
							<Textures normal="CraftStore4/dark.dds" />
							<FontColors normalColor="FFFFFF" />
						</Button>
						<Button name="$(parent)Line3" verticalAlignment="1" horizontalAlignment="0" font="CS4Font">
							<Anchor point="3" relativePoint="6" relativeTo="$(parent)Line2" offsetY="1" />
							<Dimensions x="179" y="25" />
							<Textures normal="CraftStore4/dark.dds" mouseOver="CraftStore4/over.dds" />
							<FontColors normalColor="FFFFFF" mouseOverColor="FFAA33" />
						</Button>
						<Button name="$(parent)Time3" verticalAlignment="1" horizontalAlignment="2" font="CS4Font">
							<Anchor point="2" relativePoint="8" relativeTo="$(parent)Line3" offsetX="5" />
							<Dimensions x="115" y="25" />
							<Textures normal="CraftStore4/dark.dds" />
							<FontColors normalColor="FFFFFF" />
						</Button>
					</Controls>
				</Backdrop>
				<Backdrop name="CS4_Research1" centerColor="383838" edgeColor="00000000">
					<AnchorFill/>
					<Edge edgeSize="1" />
					<Anchor point="3" relativePoint="6" relativeTo="CS4_Research2" offsetY="5" />
					<Dimensions x="303" y="111" />
					<Controls>
						<Label name="$(parent)Headline" font="CS4Font" color="999999" verticalAlignment="1" horizontalAlignment="0">
							<Anchor point="3" relativePoint="3" relativeTo="$(parent)" offsetX="5" offsetY="5" />
							<Dimensions x="240" y="22" />
						</Label>
						<Label name="$(parent)Count" font="CS4Font" color="999999" verticalAlignment="1" horizontalAlignment="2">
							<Anchor point="9" relativePoint="9" relativeTo="$(parent)" offsetX="-5" offsetY="5" />
							<Dimensions x="53" y="22" />
						</Label>
						<Button name="$(parent)Line1" verticalAlignment="1" horizontalAlignment="0" font="CS4Font">
							<Anchor point="3" relativePoint="3" relativeTo="$(parent)" offsetX="2" offsetY="32" />
							<Dimensions x="179" y="25" />
							<Textures normal="CraftStore4/dark.dds" mouseOver="CraftStore4/over.dds" />
							<FontColors normalColor="FFFFFF" mouseOverColor="FFAA33" />
						</Button>
						<Button name="$(parent)Time1" verticalAlignment="1" horizontalAlignment="2" font="CS4Font">
							<Anchor point="2" relativePoint="8" relativeTo="$(parent)Line1" offsetX="5" />
							<Dimensions x="115" y="25" />
							<Textures normal="CraftStore4/dark.dds" />
							<FontColors normalColor="FFFFFF" />
						</Button>
						<Button name="$(parent)Line2" verticalAlignment="1" horizontalAlignment="0" font="CS4Font">
							<Anchor point="3" relativePoint="6" relativeTo="$(parent)Line1" offsetY="1" />
							<Dimensions x="179" y="25" />
							<Textures normal="CraftStore4/dark.dds" mouseOver="CraftStore4/over.dds" />
							<FontColors normalColor="FFFFFF" mouseOverColor="FFAA33" />
						</Button>
						<Button name="$(parent)Time2" verticalAlignment="1" horizontalAlignment="2" font="CS4Font">
							<Anchor point="2" relativePoint="8" relativeTo="$(parent)Line2" offsetX="5" />
							<Dimensions x="115" y="25" />
							<Textures normal="CraftStore4/dark.dds" />
							<FontColors normalColor="FFFFFF" />
						</Button>
						<Button name="$(parent)Line3" verticalAlignment="1" horizontalAlignment="0" font="CS4Font">
							<Anchor point="3" relativePoint="6" relativeTo="$(parent)Line2" offsetY="1" />
							<Dimensions x="179" y="25" />
							<Textures normal="CraftStore4/dark.dds" mouseOver="CraftStore4/over.dds" />
							<FontColors normalColor="FFFFFF" mouseOverColor="FFAA33" />
						</Button>
						<Button name="$(parent)Time3" verticalAlignment="1" horizontalAlignment="2" font="CS4Font">
							<Anchor point="2" relativePoint="8" relativeTo="$(parent)Line3" offsetX="5" />
							<Dimensions x="115" y="25" />
							<Textures normal="CraftStore4/dark.dds" />
							<FontColors normalColor="FFFFFF" />
						</Button>
					</Controls>
				</Backdrop>
				<Backdrop name="CS4_Research6" centerColor="383838" edgeColor="00000000">
					<AnchorFill/>
					<Edge edgeSize="1" />
					<Anchor point="3" relativePoint="6" relativeTo="CS4_Research1" offsetY="5" />
					<Dimensions x="303" y="111" />
					<Controls>
						<Label name="$(parent)Headline" font="CS4Font" color="999999" verticalAlignment="1" horizontalAlignment="0">
							<Anchor point="3" relativePoint="3" relativeTo="$(parent)" offsetX="5" offsetY="5" />
							<Dimensions x="240" y="22" />
						</Label>
						<Label name="$(parent)Count" font="CS4Font" color="999999" verticalAlignment="1" horizontalAlignment="2">
							<Anchor point="9" relativePoint="9" relativeTo="$(parent)" offsetX="-5" offsetY="5" />
							<Dimensions x="53" y="22" />
						</Label>
						<Button name="$(parent)Line1" verticalAlignment="1" horizontalAlignment="0" font="CS4Font">
							<Anchor point="3" relativePoint="3" relativeTo="$(parent)" offsetX="2" offsetY="32" />
							<Dimensions x="179" y="25" />
							<Textures normal="CraftStore4/dark.dds" mouseOver="CraftStore4/over.dds" />
							<FontColors normalColor="FFFFFF" mouseOverColor="FFAA33" />
						</Button>
						<Button name="$(parent)Time1" verticalAlignment="1" horizontalAlignment="2" font="CS4Font">
							<Anchor point="2" relativePoint="8" relativeTo="$(parent)Line1" offsetX="5" />
							<Dimensions x="115" y="25" />
							<Textures normal="CraftStore4/dark.dds" />
							<FontColors normalColor="FFFFFF" />
						</Button>
						<Button name="$(parent)Line2" verticalAlignment="1" horizontalAlignment="0" font="CS4Font">
							<Anchor point="3" relativePoint="6" relativeTo="$(parent)Line1" offsetY="1" />
							<Dimensions x="179" y="25" />
							<Textures normal="CraftStore4/dark.dds" mouseOver="CraftStore4/over.dds" />
							<FontColors normalColor="FFFFFF" mouseOverColor="FFAA33" />
						</Button>
						<Button name="$(parent)Time2" verticalAlignment="1" horizontalAlignment="2" font="CS4Font">
							<Anchor point="2" relativePoint="8" relativeTo="$(parent)Line2" offsetX="5" />
							<Dimensions x="115" y="25" />
							<Textures normal="CraftStore4/dark.dds" />
							<FontColors normalColor="FFFFFF" />
						</Button>
						<Button name="$(parent)Line3" verticalAlignment="1" horizontalAlignment="0" font="CS4Font">
							<Anchor point="3" relativePoint="6" relativeTo="$(parent)Line2" offsetY="1" />
							<Dimensions x="179" y="25" />
							<Textures normal="CraftStore4/dark.dds" mouseOver="CraftStore4/over.dds" />
							<FontColors normalColor="FFFFFF" mouseOverColor="FFAA33" />
						</Button>
						<Button name="$(parent)Time3" verticalAlignment="1" horizontalAlignment="2" font="CS4Font">
							<Anchor point="2" relativePoint="8" relativeTo="$(parent)Line3" offsetX="5" />
							<Dimensions x="115" y="25" />
							<Textures normal="CraftStore4/dark.dds" />
							<FontColors normalColor="FFFFFF" />
						</Button>
					</Controls>
				</Backdrop>
			</Controls>
		</TopLevelControl>
		<TopLevelControl hidden="true" clampedToScreen="true" movable="true" mouseEnabled="true" name="CS4_Styles" allowBringToTop="true" layer="1" level="2" tier="2">
			<Anchor point="128" relativePoint="128" relativeTo="GuiRoot" />
			<Dimensions x="450" y="614" />
			<Controls>
				<Backdrop name="$(parent)BG" centerColor="181818" edgeColor="00000000">
					<AnchorFill/>
					<Edge edgeSize="1" />
				</Backdrop>
				<Label name="$(parent)Headline" font="CS4Font" color="FFAA33">
					<Anchor point="1" relativePoint="1" relativeTo="$(parent)" offsetY="5" />
				</Label>
				<Button name="$(parent)CloseButton" clickSound="Click">
					<Anchor point="9" relativePoint="9" relativeTo="$(parent)" offsetX="-5" offsetY="5" />
					<Dimensions y="25" x="25" />
					<Textures normal="esoui/art/buttons/decline_up.dds" pressed="esoui/art/buttons/decline_down.dds" mouseOver="esoui/art/buttons/decline_over.dds" />
					<OnClicked>SCENE_MANAGER:HideTopLevel(CS4_Style)</OnClicked>
				</Button>
				<Button name="$(parent)Styleitem">
					<Anchor point="3" relativePoint="3" relativeTo="$(parent)" offsetX="10" offsetY="30" />
					<Dimensions x="64" y="64" />
					<MouseButton button="2" enabled="true" />
					<Textures normal="CraftStore4/grey.dds" mouseOver="CraftStore4/over.dds" />
					<TextureCoords top="2" bottom="-2" left="2" right="-2" />
				</Button>
				<Backdrop name="$(parent)Header" centerColor="383838" edgeColor="00000000">
					<Anchor point="2" relativePoint="8" relativeTo="$(parent)Styleitem" offsetX="1" />
					<Dimensions x="365" y="64" />
					<Edge edgeSize="1" />
					<Controls>
						<Label name="$(parent)Name" font="CS4Bold" color="FFAA33">
							<Anchor point="3" relativePoint="3" relativeTo="$(parent)" offsetX="10" offsetY="8" />
						</Label>
						<Label name="$(parent)Itemname" font="CS4Font" color="FFFFFF">
							<Anchor point="6" relativePoint="6" relativeTo="$(parent)" offsetX="10" />
							<Dimensions x="170" y="32" />
						</Label>
						<Button name="$(parent)Achieve" clickSound="Click" verticalAlignment="1" horizontalAlignment="2" font="CS4Font">
							<Anchor point="12" relativePoint="12" relativeTo="$(parent)" offsetX="-10" />
							<Dimensions x="170" y="32" />
							<MouseButton button="2" enabled="true" />
							<FontColors normalColor="FFEE88" mouseOverColor="FFAA33" />
						</Button>
					</Controls>
				</Backdrop>
				<Backdrop name="$(parent)List" centerColor="383838" edgeColor="00000000" inherits="ZO_ScrollContainerBase">
					<Anchor point="12" relativePoint="12" relativeTo="$(parent)" offsetX="10" offsetY="95" />
					<Dimensions x="293" y="476" />
					<Edge edgeSize="1" />
					<OnInitialized>ZO_Scroll_Initialize(self)</OnInitialized>
					<Controls>
						<Control name="$(parent)ScrollChild">
							<OnInitialized>self:SetParent(self:GetParent():GetNamedChild("Scroll"));self:SetAnchor(3,nil,3,0,0)</OnInitialized>
						</Control>
					</Controls>
				</Backdrop>
				<Button name="$(parent)Light" clickSound="Click" verticalAlignment="1" horizontalAlignment="1" font="CS4Font">
					<Anchor point="3" relativePoint="3" relativeTo="$(parent)" offsetX="10" offsetY="572" />
					<Dimensions x="143" y="32" />
					<Textures normal="CraftStore4/grey.dds" mouseOver="CraftStore4/over.dds" />
					<FontColors normalColor="FFFFFF" mouseOverColor="FFAA33" />
				</Button>
				<Button name="$(parent)Medium" clickSound="Click" verticalAlignment="1" horizontalAlignment="1" font="CS4Font">
					<Anchor point="2" relativePoint="8" relativeTo="$(parent)Light" offsetX="1" />
					<Dimensions x="142" y="32" />
					<Textures normal="CraftStore4/grey.dds" mouseOver="CraftStore4/over.dds" />
					<FontColors normalColor="FFFFFF" mouseOverColor="FFAA33" />
				</Button>
				<Button name="$(parent)Heavy" clickSound="Click" verticalAlignment="1" horizontalAlignment="1" font="CS4Font">
					<Anchor point="2" relativePoint="8" relativeTo="$(parent)Medium" offsetX="1" />
					<Dimensions x="143" y="32" />
					<Textures normal="CraftStore4/grey.dds" mouseOver="CraftStore4/over.dds" />
					<FontColors normalColor="FFFFFF" mouseOverColor="FFAA33" />
				</Button>
			</Controls>
		</TopLevelControl>
		<TopLevelControl hidden="true" name="CS4_Tip">
			<Dimensions x="270" y="10" />
			<Controls>
				<Backdrop name="$(parent)BG" centerColor="C0000000" edgeColor="635B3D">
					<AnchorFill/>
					<Edge edgeSize="2" />
				</Backdrop>
				<Label name="$(parent)Name" font="CS4Font" color="8085FF" horizontalAlignment="2">
					<Anchor point="3" relativePoint="3" relativeTo="$(parent)" offsetY="5" />
					<Dimensions x="200" />
				</Label>
				<Label name="$(parent)Amount" font="CS4Font" color="C0C5FF" horizontalAlignment="2">
					<Anchor point="3" relativePoint="9" relativeTo="$(parent)Name" />
					<Dimensions x="55" />
				</Label>
				<Label name="$(parent)Count" font="CS4Font" color="C0C5FF" horizontalAlignment="2">
					<Anchor point="1" relativePoint="4" relativeTo="$(parent)Amount" offsetY="5" />
					<Dimensions x="55" y="25" />
				</Label>
				<Backdrop name="$(parent)Line" centerColor="635B3D" edgeColor="00534B2D">
					<Dimensions x="250" y="2" />
					<Anchor point="4" relativePoint="4" relativeTo="$(parent)" offsetY="-25" />
					<Edge edgeSize="1" />
				</Backdrop>
			</Controls>
		</TopLevelControl>
		<TopLevelControl hidden="true" name="CS4_TipStyle" topmost="true">
			<Dimensions x="414" y="40" />
			<Controls>
				<Backdrop name="$(parent)BG" centerColor="00080808" edgeColor="00C5C29E">
					<AnchorFill/>
					<Edge edgeSize="2" />
				</Backdrop>
				<Label name="$(parent)Name" font="CS4TTFont" color="FFFFFF" horizontalAlignment="1">
					<Anchor point="128" relativePoint="128" relativeTo="$(parent)" />
				</Label>
			</Controls>
		</TopLevelControl>
		<TopLevelControl name="CraftStore4">
			<OnInitialized></OnInitialized>
			<OnUpdate></OnUpdate>
		</TopLevelControl>
	</Controls>
</GuiXml>