<GuiXml>
	<Font name="CS4Font" font="$(MEDIUM_FONT)|16"/>
	<Font name="CS4Insp" font="$(BOLD_FONT)|24|soft-shadow-thin"/>
	<Controls>
		<TopLevelControl hidden="true" clampedToScreen="true" movable="true" mouseEnabled="true" name="CS4_Panel" allowBringToTop="true" layer="1">
			<Anchor point="128" relativePoint="128" relativeTo="GuiRoot"><Dimensions x="845" y="736"/>
			<Controls>
				<Backdrop name="$(parent)BG" centerColor="181818" edgeColor="00000000"><AnchorFill/><Edge edgeSize="1"/></Backdrop>
				<Label name="$(parent)Headline" font="ZoFontGame" color="FFFFFF">
					<Anchor point="1" relativePoint="1" relativeTo="$(parent)" offsetY="5"/>
					<OnInitialized>self:SetText("|cFFAA33"..CraftStore.name.."|r "..CraftStore.version)</OnInitialized>
				</Label>
				<Button name="$(parent)CloseButton" clickSound="Click">
					<Anchor point="9" relativePoint="9" relativeTo="$(parent)" offsetX="-5" offsetY="5"/><Dimensions y="25" x="25"/>
					<Textures normal="esoui/art/buttons/decline_up.dds" pressed="esoui/art/buttons/decline_down.dds" mouseOver="esoui/art/buttons/decline_over.dds"/>
					<OnClicked>SCENE_MANAGER:HideTopLevel(CS4_Panel)</OnClicked>
				</Button>

				<Backdrop name="CS4_Research2" centerColor="404040" edgeColor="00000000"><AnchorFill/><Edge edgeSize="1"/>
					<Anchor point="3" relativePoint="3" relativeTo="$(parent)" offsetX="532" offsetY="337"/><Dimensions x="303" y="111"/>
					<Controls>
						<Label name="$(parent)Headline" font="CS4Font" color="777777" verticalAlignment="1" horizontalAlignment="0">
							<Anchor point="3" relativePoint="3" relativeTo="$(parent)" offsetX="5" offsetY="5"/><Dimensions x="240" y="22"/>
						</Label>
						<Label name="$(parent)Count" font="CS4Font" color="777777" verticalAlignment="1" horizontalAlignment="2">
							<Anchor point="9" relativePoint="9" relativeTo="$(parent)" offsetX="5" offsetY="5"/><Dimensions x="53" y="22"/>
						</Label>
						<Button name="$(parent)Line1" verticalAlignment="1" horizontalAlignment="0" font="CS4Font">
							<Anchor point="3" relativePoint="3" relativeTo="$(parent)" offsetX="2" offsetY="33"/><Dimensions y="179" x="25"/>
							<Textures normal="CraftStore4/dark.dds" mouseOver="CraftStore4/over.dds"/><FontColors normalColor="777777" mouseOverColor="FFFFFF"/>
						</Button>
						<Button name="$(parent)Time1" verticalAlignment="1" horizontalAlignment="2" font="CS4Font">
							<Anchor point="2" relativePoint="8" relativeTo="$(parent)Line1" offsetX="5"/><Dimensions y="115" x="25"/>
							<Textures normal="CraftStore4/dark.dds"/><FontColors normalColor="777777" mouseOverColor="FFFFFF"/>
						</Button>
						<Button name="$(parent)Line2" verticalAlignment="1" horizontalAlignment="0" font="CS4Font">
							<Anchor point="3" relativePoint="6" relativeTo="$(parent)Line1" offsetY="1"/><Dimensions y="179" x="25"/>
							<Textures normal="CraftStore4/dark.dds" mouseOver="CraftStore4/over.dds"/><FontColors normalColor="777777" mouseOverColor="FFFFFF"/>
						</Button>
						<Button name="$(parent)Time2" verticalAlignment="1" horizontalAlignment="2" font="CS4Font">
							<Anchor point="2" relativePoint="8" relativeTo="$(parent)Line2" offsetX="5"/><Dimensions y="115" x="25"/>
							<Textures normal="CraftStore4/dark.dds"/><FontColors normalColor="777777" mouseOverColor="FFFFFF"/>
						</Button>
						<Button name="$(parent)Line3" verticalAlignment="1" horizontalAlignment="0" font="CS4Font">
							<Anchor point="3" relativePoint="6" relativeTo="$(parent)Line2" offsetY="1"/><Dimensions y="179" x="25"/>
							<Textures normal="CraftStore4/dark.dds" mouseOver="CraftStore4/over.dds"/><FontColors normalColor="777777" mouseOverColor="FFFFFF"/>
						</Button>
						<Button name="$(parent)Time3" verticalAlignment="1" horizontalAlignment="2" font="CS4Font">
							<Anchor point="2" relativePoint="8" relativeTo="$(parent)Line3" offsetX="5"/><Dimensions y="115" x="25"/>
							<Textures normal="CraftStore4/dark.dds"/><FontColors normalColor="777777" mouseOverColor="FFFFFF"/>
						</Button>
					</Controls>
				</Backdrop>
				<Backdrop name="CS4_Research1" centerColor="404040" edgeColor="00000000"><AnchorFill/><Edge edgeSize="1"/>
					<Anchor point="3" relativePoint="6" relativeTo="CS4_Research2" offsetY="5"/><Dimensions x="303" y="111"/>
					<Controls>
						<Label name="$(parent)Headline" font="CS4Font" color="777777" verticalAlignment="1" horizontalAlignment="0">
							<Anchor point="3" relativePoint="3" relativeTo="$(parent)" offsetX="5" offsetY="5"/><Dimensions x="240" y="22"/>
						</Label>
						<Label name="$(parent)Count" font="CS4Font" color="777777" verticalAlignment="1" horizontalAlignment="2">
							<Anchor point="9" relativePoint="9" relativeTo="$(parent)" offsetX="5" offsetY="5"/><Dimensions x="53" y="22"/>
						</Label>
						<Button name="$(parent)Line1" verticalAlignment="1" horizontalAlignment="0" font="CS4Font">
							<Anchor point="3" relativePoint="3" relativeTo="$(parent)" offsetX="2" offsetY="33"/><Dimensions y="179" x="25"/>
							<Textures normal="CraftStore4/dark.dds" mouseOver="CraftStore4/over.dds"/><FontColors normalColor="777777" mouseOverColor="FFFFFF"/>
						</Button>
						<Button name="$(parent)Time1" verticalAlignment="1" horizontalAlignment="2" font="CS4Font">
							<Anchor point="2" relativePoint="8" relativeTo="$(parent)Line1" offsetX="5"/><Dimensions y="115" x="25"/>
							<Textures normal="CraftStore4/dark.dds"/><FontColors normalColor="777777" mouseOverColor="FFFFFF"/>
						</Button>
						<Button name="$(parent)Line2" verticalAlignment="1" horizontalAlignment="0" font="CS4Font">
							<Anchor point="3" relativePoint="6" relativeTo="$(parent)Line1" offsetY="1"/><Dimensions y="179" x="25"/>
							<Textures normal="CraftStore4/dark.dds" mouseOver="CraftStore4/over.dds"/><FontColors normalColor="777777" mouseOverColor="FFFFFF"/>
						</Button>
						<Button name="$(parent)Time2" verticalAlignment="1" horizontalAlignment="2" font="CS4Font">
							<Anchor point="2" relativePoint="8" relativeTo="$(parent)Line2" offsetX="5"/><Dimensions y="115" x="25"/>
							<Textures normal="CraftStore4/dark.dds"/><FontColors normalColor="777777" mouseOverColor="FFFFFF"/>
						</Button>
						<Button name="$(parent)Line3" verticalAlignment="1" horizontalAlignment="0" font="CS4Font">
							<Anchor point="3" relativePoint="6" relativeTo="$(parent)Line2" offsetY="1"/><Dimensions y="179" x="25"/>
							<Textures normal="CraftStore4/dark.dds" mouseOver="CraftStore4/over.dds"/><FontColors normalColor="777777" mouseOverColor="FFFFFF"/>
						</Button>
						<Button name="$(parent)Time3" verticalAlignment="1" horizontalAlignment="2" font="CS4Font">
							<Anchor point="2" relativePoint="8" relativeTo="$(parent)Line3" offsetX="5"/><Dimensions y="115" x="25"/>
							<Textures normal="CraftStore4/dark.dds"/><FontColors normalColor="777777" mouseOverColor="FFFFFF"/>
						</Button>
					</Controls>
				</Backdrop>
				<Backdrop name="CS4_Research6" centerColor="404040" edgeColor="00000000"><AnchorFill/><Edge edgeSize="1"/>
					<Anchor point="3" relativePoint="6" relativeTo="CS4_Research1" offsetY="5"/><Dimensions x="303" y="111"/>
					<Controls>
						<Label name="$(parent)Headline" font="CS4Font" color="777777" verticalAlignment="1" horizontalAlignment="0">
							<Anchor point="3" relativePoint="3" relativeTo="$(parent)" offsetX="5" offsetY="5"/><Dimensions x="240" y="22"/>
						</Label>
						<Label name="$(parent)Count" font="CS4Font" color="777777" verticalAlignment="1" horizontalAlignment="2">
							<Anchor point="9" relativePoint="9" relativeTo="$(parent)" offsetX="5" offsetY="5"/><Dimensions x="53" y="22"/>
						</Label>
						<Button name="$(parent)Line1" verticalAlignment="1" horizontalAlignment="0" font="CS4Font">
							<Anchor point="3" relativePoint="3" relativeTo="$(parent)" offsetX="2" offsetY="33"/><Dimensions y="179" x="25"/>
							<Textures normal="CraftStore4/dark.dds" mouseOver="CraftStore4/over.dds"/><FontColors normalColor="777777" mouseOverColor="FFFFFF"/>
						</Button>
						<Button name="$(parent)Time1" verticalAlignment="1" horizontalAlignment="2" font="CS4Font">
							<Anchor point="2" relativePoint="8" relativeTo="$(parent)Line1" offsetX="5"/><Dimensions y="115" x="25"/>
							<Textures normal="CraftStore4/dark.dds"/><FontColors normalColor="777777" mouseOverColor="FFFFFF"/>
						</Button>
						<Button name="$(parent)Line2" verticalAlignment="1" horizontalAlignment="0" font="CS4Font">
							<Anchor point="3" relativePoint="6" relativeTo="$(parent)Line1" offsetY="1"/><Dimensions y="179" x="25"/>
							<Textures normal="CraftStore4/dark.dds" mouseOver="CraftStore4/over.dds"/><FontColors normalColor="777777" mouseOverColor="FFFFFF"/>
						</Button>
						<Button name="$(parent)Time2" verticalAlignment="1" horizontalAlignment="2" font="CS4Font">
							<Anchor point="2" relativePoint="8" relativeTo="$(parent)Line2" offsetX="5"/><Dimensions y="115" x="25"/>
							<Textures normal="CraftStore4/dark.dds"/><FontColors normalColor="777777" mouseOverColor="FFFFFF"/>
						</Button>
						<Button name="$(parent)Line3" verticalAlignment="1" horizontalAlignment="0" font="CS4Font">
							<Anchor point="3" relativePoint="6" relativeTo="$(parent)Line2" offsetY="1"/><Dimensions y="179" x="25"/>
							<Textures normal="CraftStore4/dark.dds" mouseOver="CraftStore4/over.dds"/><FontColors normalColor="777777" mouseOverColor="FFFFFF"/>
						</Button>
						<Button name="$(parent)Time3" verticalAlignment="1" horizontalAlignment="2" font="CS4Font">
							<Anchor point="2" relativePoint="8" relativeTo="$(parent)Line3" offsetX="5"/><Dimensions y="115" x="25"/>
							<Textures normal="CraftStore4/dark.dds"/><FontColors normalColor="777777" mouseOverColor="FFFFFF"/>
						</Button>
					</Controls>
				</Backdrop>

			</Controls>
		</TopLevelControl>
		<TopLevelControl hidden="true" name="CS4_Tip"><Dimensions x="350" y="10"/>
			<Controls>
				<Backdrop name="$(parent)BG" centerColor="00000000" edgeColor="FF534B2D"><AnchorFill/><Edge edgeSize="2"/></Backdrop>
				<Label name="$(parent)Name" font="CS4Font" color="8085FF" horizontalAlignment="2">
					<Anchor point="3" relativePoint="3" relativeTo="$(parent)" offsetY="5"/>
				</Label>
				<Label name="$(parent)Amount" font="CS4Font" color="C0C5FF" horizontalAlignment="2">
					<Anchor point="3" relativePoint="9" relativeTo="$(parent)Name"/><Dimensions x="60"/>
				</Label>
				<Label name="$(parent)Count" font="ZoFontWinH3" color="C0FFC0" horizontalAlignment="2">
					<Anchor point="8" relativePoint="8" relativeTo="$(parent)" offsetX="-15"/><Dimensions x="75"/>
				</Label>
			</Controls>
		</TopLevelControl>
		<Control hidden="true" name="CS4_TipStyle"><Dimensions x="250" y="22"/>
			<Anchor point="128" relativePoint="4" relativeTo="ItemTooltip"/>
			<Controls>
				<Backdrop name="$(parent)BG" centerColor="000000" edgeColor="FF534B2D"><AnchorFill/><Edge edgeSize="2"/></Backdrop>
				<Label name="$(parent)Name" font="CS4Font" color="FF534B2D" horizontalAlignment="1">
					<Anchor point="128" relativePoint="128" relativeTo="$(parent)"/>
				</Label>
			</Controls>
		</Control>		
		<TopLevelControl name="CraftStore4">
			<OnInitialized></OnInitialized>
			<OnUpdate></OnUpdate>
		</TopLevelControl>
	</Controls>
</GuiXml>