<GuiXml>
	<Font name="AGFont" font="$(MEDIUM_FONT)|18"/>
	<Font name="AGFontSmall" font="$(BOLD_FONT)|14"/>
	<Font name="AGFontBold" font="$(BOLD_FONT)|22"/>
	<Font name="AGFontBig" font="$(BOLD_FONT)|18|soft-shadow-thick"/>
    <Controls>
		<Backdrop name="AG_UI_ButtonBg" alpha="0" centerColor="40FF0000" edgeColor="60FF0000" clampedToScreen="true" movable="true" mouseEnabled="true">
			<Anchor point="3" relativePoint="3" relativeTo="GuiRoot" offsetX="50" offsetY="100"/>
			<Dimensions x="60" y="60"/><Edge edgeSize="1"/><OnInitialized>self:SetParent(ZO_MainMenu)</OnInitialized>
			<OnMouseEnter>WINDOW_MANAGER:SetMouseCursor(12);self:SetAlpha(1)</OnMouseEnter>
			<OnMouseExit>WINDOW_MANAGER:SetMouseCursor(0);self:SetAlpha(0)</OnMouseExit>
			<OnMouseUp>AG4.account.button={self:GetLeft(),self:GetTop()}</OnMouseUp>
		</Backdrop>
		<Button name="AG_UI_Button" topmost="true"><Anchor point="128" relativePoint="128" relativeTo="AG_UI_ButtonBg"/>
			<Dimensions x="40" y="40"/><OnInitialized>self:SetParent(ZO_MainMenu)</OnInitialized><Textures normal="AlphaGearX2/ag.dds"/>
			<OnMouseEnter>AG4.Tooltip(self,true)</OnMouseEnter>
			<OnMouseExit>AG4.Tooltip(self,false)</OnMouseExit>
			<OnClicked>AG4.ShowMain()</OnClicked>
		</Button>

		<TopLevelControl name="AG_Panel" hidden="true" clampedToScreen="true" movable="true" mouseEnabled="true" allowBringToTop="true">
			<Anchor point="128" relativePoint="128" relativeTo="GuiRoot"/>
			<OnMouseUp>AG4.account.pos={self:GetLeft(),self:GetTop()}</OnMouseUp><Dimensions x="670" y="819"/>
			<Controls>
				<Backdrop name="$(parent)Bg" centerColor="282828" edgeColor="00000000"><AnchorFill/><Edge edgeSize="1"/></Backdrop>
				<Backdrop name="$(parent)OptionPanel" centerColor="598527" edgeColor="00000000" hidden="true" tier="1">
					<Anchor point="9" relativePoint="9" relativeTo="$(parent)" offsetX="-10" offsetY="35"/><Edge edgeSize="1"/>
					<Controls><Button><AnchorFill/></Button></Controls>
				</Backdrop>
				<Backdrop name="$(parent)Menu" centerColor="598527" edgeColor="00000000" hidden="true" tier="2">
					<Anchor point="3" relativePoint="3" relativeTo="$(parent)"/><Dimensions x="250"/><Edge edgeSize="1"/>
					<Controls>
						<Button name="$(parent)Button1" clickSound="Click" horizontalAlignment="0" verticalAlignment="1" font="ZoFontGame" hidden="true">
							<Anchor point="3" relativePoint="3" relativeTo="$(parent)" offsetX="10" offsetY="10"/>
							<FontColors normalColor="FFFFFF" mouseOverColor="FFAA33"/><Dimensions x="230"/>
							<OnInitialized>self:SetText(AG4[GetCVar('language.2')].Copy)</OnInitialized>
							<OnClicked>AG4.MenuAction(1)</OnClicked>
						</Button>
						<Button name="$(parent)Button2" clickSound="Click" horizontalAlignment="0" verticalAlignment="1" font="ZoFontGame" hidden="true">
							<Anchor point="3" relativePoint="6" relativeTo="$(parent)Button1"/>
							<FontColors normalColor="FFFFFF" mouseOverColor="FFAA33"/><Dimensions x="230"/>
							<OnInitialized>self:SetText(AG4[GetCVar('language.2')].Paste)</OnInitialized>
							<OnClicked>AG4.MenuAction(2)</OnClicked>
						</Button>
						<Button name="$(parent)Button3" clickSound="Click" horizontalAlignment="0" verticalAlignment="1" font="ZoFontGame" hidden="true">
							<Anchor point="3" relativePoint="6" relativeTo="$(parent)Button2"/>
							<FontColors normalColor="FFFFFF" mouseOverColor="FFAA33"/><Dimensions x="230"/>
							<OnInitialized>self:SetText(AG4[GetCVar('language.2')].Insert)</OnInitialized>
							<OnClicked>AG4.MenuAction(3)</OnClicked>
						</Button>
						<Button name="$(parent)Button4" clickSound="Click" horizontalAlignment="0" verticalAlignment="1" font="ZoFontGame" hidden="true">
							<Anchor point="3" relativePoint="6" relativeTo="$(parent)Button3"/>
							<FontColors normalColor="FFFFFF" mouseOverColor="FFAA33"/><Dimensions x="230"/>
							<OnInitialized>self:SetText(AG4[GetCVar('language.2')].Clear)</OnInitialized>
							<OnClicked>AG4.MenuAction(4)</OnClicked>
						</Button>
					</Controls>
				</Backdrop>
				<Backdrop name="$(parent)Icons" centerColor="598527" edgeColor="00000000" hidden="true" tier="2" inherits="ZO_ScrollContainerBase">
					<Anchor point="6" relativePoint="9" relativeTo="$(parent)"/><Dimensions x="233" y="217"/><Edge edgeSize="1"/>
					<OnInitialized>ZO_Scroll_Initialize(self)</OnInitialized>
					<Controls>
						<Control name="$(parent)ScrollChild">
							<OnInitialized>self:SetParent(self:GetParent():GetNamedChild("Scroll"));self:SetAnchor(3,nil,3,0,0)</OnInitialized>
						</Control>
					</Controls>
				</Backdrop>
				<Label name="$(parent)Headline" font="AGFont" color="FFFFFF">
					<Anchor point="1" relativePoint="1" relativeTo="$(parent)" offsetY="6"/>
					<OnInitialized>self:SetText("|cFFAA33"..AG4.name.."|r "..AG4.version)</OnInitialized>
				</Label>
				<Button name="$(parent)CloseButton" clickSound="Click">
					<Anchor point="9" relativePoint="9" relativeTo="$(parent)" offsetX="-10" offsetY="4"/>
					<Dimensions y="25" x="25"/>
					<Textures normal="esoui/art/buttons/decline_up.dds" pressed="esoui/art/buttons/decline_down.dds" mouseOver="esoui/art/buttons/decline_over.dds"/>
					<OnClicked>AG4.ShowMain()</OnClicked>
				</Button>
				<Button name="$(parent)OptionButton" clickSound="Click">
					<Anchor point="8" relativePoint="2" relativeTo="$(parent)CloseButton"/>
					<Dimensions y="35" x="35"/>
					<Textures normal="esoui/art/chatwindow/chat_options_up.dds" pressed="esoui/art/chatwindow/chat_options_down.dds" mouseOver="esoui/art/chatwindow/chat_options_over.dds"/>
					<OnClicked>AG_PanelOptionPanel:ToggleHidden()</OnClicked>
				</Button>
				<Backdrop name="$(parent)GearPanel" centerColor="282828" edgeColor="00000000" inherits="ZO_ScrollContainerBase">
					<Anchor point="3" relativePoint="3" relativeTo="$(parent)" offsetX="10" offsetY="35"/><Dimensions x="650" y="224"/><Edge edgeSize="1"/>
					<OnInitialized>ZO_Scroll_Initialize(self)</OnInitialized>
					<Controls>
						<Control name="$(parent)ScrollChild" resizeToFitDescendents="true">
							<OnInitialized>self:SetParent(self:GetParent():GetNamedChild("Scroll"));self:SetAnchor(3,nil,3,0,0)</OnInitialized>
						</Control>
					</Controls>
				</Backdrop>
				<Backdrop name="$(parent)SkillPanel" centerColor="282828" edgeColor="00000000" inherits="ZO_ScrollContainerBase">
					<Anchor point="3" relativePoint="3" relativeTo="$(parent)" offsetX="346" offsetY="269"/><Dimensions x="314" y="539"/><Edge edgeSize="1"/>
					<OnInitialized>ZO_Scroll_Initialize(self)</OnInitialized>
					<Controls>
						<Control name="$(parent)ScrollChild" resizeToFitDescendents="true">
							<OnInitialized>self:SetParent(self:GetParent():GetNamedChild("Scroll"));self:SetAnchor(3,nil,3,0,0)</OnInitialized>
						</Control>
					</Controls>
				</Backdrop>
				<Backdrop name="$(parent)SetPanel" centerColor="282828" edgeColor="00000000" inherits="ZO_ScrollContainerBase">
					<Anchor point="3" relativePoint="3" relativeTo="$(parent)" offsetX="10" offsetY="269"/><Dimensions x="327" y="539"/><Edge edgeSize="1"/>
					<OnInitialized>ZO_Scroll_Initialize(self)</OnInitialized>
					<Controls>
						<Control name="$(parent)ScrollChild" resizeToFitDescendents="true">
							<OnInitialized>self:SetParent(self:GetParent():GetNamedChild("Scroll"));self:SetAnchor(3,nil,3,0,0)</OnInitialized>
							<Controls>
								<Control name="$(parent)EditPanel" hidden="true" tier="1"><Dimensions x="307" y="330"/>
									<Controls>
										<Button name="$(parent)GearConnector" clickSound="Click" horizontalAlignment="1" verticalAlignment="1" font="AGFontBold">
											<Anchor point="3" relativePoint="3" relativeTo="$(parent)"/><Dimensions x="48" y="82"/>
											<Textures normal="AlphaGearX2/grey1.dds" mouseOver="AlphaGearX2/light.dds"/><MouseButton button="2" enabled="true"/>
											<OnMouseEnter>AG4.Tooltip(self,true)</OnMouseEnter><OnMouseExit>AG4.Tooltip(self,false)</OnMouseExit>
											<OnMouseDown>AG4.SetConnection(...)</OnMouseDown>
										</Button>
										<Button name="$(parent)GearLock" clickSound="Click">
											<Anchor point="3" relativePoint="3" relativeTo="$(parent)" offsetX="50"/><Dimensions x="47" y="82"/>
											<Textures normal="AlphaGearX2/grey1.dds" mouseOver="AlphaGearX2/light.dds"/>
											<OnClicked>AG4.SetSetLock()</OnClicked><OnMouseEnter>AG4.Tooltip(self,true)</OnMouseEnter><OnMouseExit>AG4.Tooltip(self,false)</OnMouseExit>
											<Controls><Texture name="$(parent)Tex"><Anchor point="128"/><Dimensions x="32" y="32"/></Texture></Controls>
										</Button>
										<Control name="$(parent)Gear1Box"><Anchor point="3" relativePoint="3" relativeTo="$(parent)" offsetX="99"/><Dimensions x="208" y="40"/></Control>
										<Control name="$(parent)Gear2Box"><Anchor point="3" relativePoint="3" relativeTo="$(parent)" offsetX="99" offsetY="42"/><Dimensions x="208" y="40"/></Control>
										
										<Backdrop name="$(parent)Bar1Name" centerColor="30000000" edgeColor="00000000"><Edge edgeSize="1"/>
											<Anchor point="3" relativePoint="3" relativeTo="$(parent)" offsetY="92"/><Dimensions x="307" y="30"/>
											<Controls>
												<EditBox name="$(parent)Edit" font="AGFont" color="FFFFFF" maxInputCharacters="100" inherits="ZO_DefaultEditForBackdrop ZO_EditDefaultText">
													<Anchor point="128" relativePoint="128" relativeTo="$(parent)" offsetY="4"/><Dimensions x="293" y="30"/>
													<OnFocusLost>AG4.SetSetName(2,self:GetText())</OnFocusLost>
													<OnEscape>self:LoseFocus()</OnEscape>
													<OnEnter>self:LoseFocus()</OnEnter>
												</EditBox>
											</Controls>
										</Backdrop>
										<Button name="$(parent)Bar1Connector" clickSound="Click" horizontalAlignment="1" verticalAlignment="1" font="AGFontBold">
											<Anchor point="3" relativePoint="3" relativeTo="$(parent)" offsetY="124"/><Dimensions x="48" y="82"/>
											<Textures normal="AlphaGearX2/grey1.dds" mouseOver="AlphaGearX2/light.dds"/><MouseButton button="2" enabled="true"/>
											<OnMouseEnter>AG4.Tooltip(self,true)</OnMouseEnter><OnMouseExit>AG4.Tooltip(self,false)</OnMouseExit>
											<OnMouseDown>AG4.SetConnection(...)</OnMouseDown>
										</Button>
										<Button name="$(parent)Bar1Icon" clickSound="Click">
											<Anchor point="3" relativePoint="3" relativeTo="$(parent)" offsetX="50" offsetY="124"/><Dimensions x="89" y="82"/>
											<Textures normal="AlphaGearX2/grey1.dds" mouseOver="AlphaGearX2/light.dds"/>
											<OnClicked>AG4.ShowIconMenu(self,1)</OnClicked>
											<Controls><Texture name="$(parent)Tex"><Anchor point="128" relativeTo="$(parent)"/><Dimensions x="64" y="64"/></Texture></Controls>
										</Button>
										<Control name="$(parent)Weap1Box"><Anchor point="3" relativePoint="3" relativeTo="$(parent)" offsetX="141" offsetY="124"/><Dimensions x="40" y="82"/></Control>
										<Control name="$(parent)Skill11Box"><Anchor point="3" relativePoint="3" relativeTo="$(parent)" offsetX="183" offsetY="124"/><Dimensions x="124" y="40"/></Control>
										<Control name="$(parent)Skill12Box"><Anchor point="3" relativePoint="3" relativeTo="$(parent)" offsetX="183" offsetY="166"/><Dimensions x="124" y="40"/></Control>
										
										<Backdrop name="$(parent)Bar2Name" centerColor="30000000" edgeColor="00000000"><Edge edgeSize="1"/>
											<Anchor point="3" relativePoint="3" relativeTo="$(parent)" offsetY="216"/><Dimensions x="307" y="30"/>
											<Controls>
												<EditBox name="$(parent)Edit" font="AGFont" color="FFFFFF" maxInputCharacters="100" inherits="ZO_DefaultEditForBackdrop ZO_EditDefaultText">
													<Anchor point="128" relativePoint="128" relativeTo="$(parent)" offsetY="4"/><Dimensions x="293" y="30"/>
													<OnFocusLost>AG4.SetSetName(3,self:GetText())</OnFocusLost>
													<OnEscape>self:LoseFocus()</OnEscape>
													<OnEnter>self:LoseFocus()</OnEnter>
												</EditBox>
											</Controls>
										</Backdrop>
										<Button name="$(parent)Bar2Connector" clickSound="Click" horizontalAlignment="1" verticalAlignment="1" font="AGFontBold">
											<Anchor point="3" relativePoint="3" relativeTo="$(parent)" offsetY="248"/><Dimensions x="48" y="82"/>
											<Textures normal="AlphaGearX2/grey1.dds" mouseOver="AlphaGearX2/light.dds"/><MouseButton button="2" enabled="true"/>
											<OnMouseEnter>AG4.Tooltip(self,true)</OnMouseEnter><OnMouseExit>AG4.Tooltip(self,false)</OnMouseExit>
											<OnClicked>AG4.SetConnection(...)</OnClicked>
										</Button>
										<Button name="$(parent)Bar2Icon" clickSound="Click">
											<Anchor point="3" relativePoint="3" relativeTo="$(parent)" offsetX="50" offsetY="248"/><Dimensions x="89" y="82"/>
											<Textures normal="AlphaGearX2/grey1.dds" mouseOver="AlphaGearX2/light.dds"/>
											<OnClicked>AG4.ShowIconMenu(self,2)</OnClicked>
											<Controls><Texture name="$(parent)Tex"><Anchor point="128" relativeTo="$(parent)"/><Dimensions x="64" y="64"/></Texture></Controls>
										</Button>
										<Control name="$(parent)Weap2Box"><Anchor point="3" relativePoint="3" relativeTo="$(parent)" offsetX="141" offsetY="248"/><Dimensions x="40" y="82"/></Control>
										<Control name="$(parent)Skill21Box"><Anchor point="3" relativePoint="3" relativeTo="$(parent)" offsetX="183" offsetY="248"/><Dimensions x="124" y="40"/></Control>
										<Control name="$(parent)Skill22Box"><Anchor point="3" relativePoint="3" relativeTo="$(parent)" offsetX="183" offsetY="290"/><Dimensions x="124" y="40"/></Control>
									</Controls>
								</Control>
							</Controls>
						</Control>
					</Controls>
				</Backdrop>
			</Controls>
		</TopLevelControl>
		
		<Button name="AG_Repair" clickSound="Click" hidden="true">
			<Anchor point="3" relativePoint="9" relativeTo="ActionButton8" offsetX="5"/><Dimensions x="50" y="50"/>
			<OnInitialized>self:SetParent(ZO_ActionBar1)</OnInitialized>
			<Controls>
				<Backdrop name="$(parent)Bg" edgeColor="00000000"><Center file="AlphaGearX2/info.dds"/><AnchorFill/><Edge edgeSize="1"/></Backdrop>
				<Label name="$(parent)Cost" font="ZoFontGameSmall" color="FFFFFF" horizontalAlignment="1" verticalAlignment="1">
					<Anchor point="4" relativePoint="1" relativeTo="$(parent)" offsetY="-5"/><Dimensions x="50" y="12"/>
				</Label>
				<Label name="$(parent)Value" font="ZoFontGameSmall" color="FFFFFF" horizontalAlignment="1" verticalAlignment="1">
					<Anchor point="1" relativePoint="4" relativeTo="$(parent)" offsetY="-1"/><Dimensions x="50" y="12"/>
				</Label>
				<Texture name="$(parent)Tex" textureFile="AlphaGearX2/gear.dds" color="00FF00"><Anchor point="128"/><Dimensions x="40" y="40"/></Texture>
			</Controls>
		</Button>
		<Button name="AG_Charge1" clickSound="Click" hidden="true">
			<Anchor point="3" relativePoint="9" relativeTo="AG_Repair" offsetX="5"/><Dimensions x="50" y="50"/>
			<OnInitialized>self:SetParent(ZO_ActionBar1)</OnInitialized>
			<Controls>
				<Backdrop name="$(parent)Bg" edgeColor="00000000"><Center file="AlphaGearX2/info.dds"/><AnchorFill/><Edge edgeSize="1"/></Backdrop>
				<Label name="$(parent)Cost" font="ZoFontGameSmall" color="FFFFFF" horizontalAlignment="1" verticalAlignment="1">
					<Anchor point="4" relativePoint="1" relativeTo="$(parent)" offsetY="-5"/><Dimensions x="50" y="12"/>
				</Label>
				<Label name="$(parent)Value" font="ZoFontGameSmall" color="FFFFFF" horizontalAlignment="1" verticalAlignment="1">
					<Anchor point="1" relativePoint="4" relativeTo="$(parent)" offsetY="-1"/><Dimensions x="50" y="12"/>
				</Label>
				<Texture name="$(parent)Tex" color="FFFFFF"><Anchor point="128"/><Dimensions x="40" y="40"/></Texture>
			</Controls>
		</Button>
		<Button name="AG_Charge2" clickSound="Click" hidden="true">
			<Anchor point="3" relativePoint="9" relativeTo="AG_Charge1" offsetX="5"/><Dimensions x="50" y="50"/>
			<OnInitialized>self:SetParent(ZO_ActionBar1)</OnInitialized>
			<Controls>
				<Backdrop name="$(parent)Bg" edgeColor="00000000"><Center file="AlphaGearX2/info.dds"/><AnchorFill/><Edge edgeSize="1"/></Backdrop>
				<Label name="$(parent)Cost" font="ZoFontGameSmall" color="FFFFFF" horizontalAlignment="1" verticalAlignment="1">
					<Anchor point="4" relativePoint="1" relativeTo="$(parent)" offsetY="-5"/><Dimensions x="50" y="12"/>
				</Label>
				<Label name="$(parent)Value" font="ZoFontGameSmall" color="FFFFFF" horizontalAlignment="1" verticalAlignment="1">
					<Anchor point="1" relativePoint="4" relativeTo="$(parent)" offsetY="-1"/><Dimensions x="50" y="12"/>
				</Label>
				<Texture name="$(parent)Tex" color="FFFFFF"><Anchor point="128"/><Dimensions x="40" y="40"/></Texture>
			</Controls>
		</Button>
		
		<Backdrop name="AG_SetButtonBg" alpha="0" centerColor="40FF0000" edgeColor="60FF0000" clampedToScreen="true" movable="true" mouseEnabled="true" topmost="true">
			<Anchor point="3" relativePoint="3" relativeTo="AG_Charge1"/>
			<Dimensions x="247" y="73"/><Edge edgeSize="1"/><OnInitialized>self:SetParent(ZO_ActionBar1)</OnInitialized>
			<OnMouseEnter>WINDOW_MANAGER:SetMouseCursor(12);self:SetAlpha(1)</OnMouseEnter>
			<OnMouseExit>WINDOW_MANAGER:SetMouseCursor(0);self:SetAlpha(0)</OnMouseExit>
			<OnMouseUp>AG4.account.setbuttons={self:GetLeft()-AG_Charge1:GetLeft(),self:GetTop()-AG_Charge1:GetTop()}</OnMouseUp>
		</Backdrop>
		<Control name="AG_SetButtonFrame"><Anchor point="128" relativePoint="128" relativeTo="AG_SetButtonBg"/>
			<Dimensions x="227" y="53"/><OnInitialized>self:SetParent(ZO_ActionBar1)</OnInitialized>
		</Control>
		<TopLevelControl name="AG_SetTip" hidden="true"><Anchor point="6" relativePoint="3" relativeTo="AG_Charge1"/><Dimensions x="350" y="188"/>
			<Controls>
				<Backdrop name="$(parent)Bg" centerColor="EE101010" edgeColor="00000000"><Edge edgeSize="1"/><AnchorFill/></Backdrop>
				<Label name="$(parent)Name" font="AGFontBold" color="FFAA33" horizontalAlignment="0" verticalAlignment="1">
					<Anchor point="1" relativePoint="1" relativeTo="$(parent)" offsetX="5" offsetY="7" wrapMode="1"/><Dimensions x="340" y="25"/>
				</Label>
				<Texture name="$(parent)Skill1Icon"><Anchor point="3" relativePoint="3" relativeTo="$(parent)" offsetX="10" offsetY="40"/><Dimensions x="64" y="64"/></Texture>
				<Label name="$(parent)Bar1Name" font="AGFont" color="FFFFFF" verticalAlignment="1"><Anchor point="3" relativePoint="3" relativeTo="$(parent)" offsetX="79" offsetY="40"/><Dimensions y="24"/></Label>
				<Label name="$(parent)Bar1Skills" font="AGFont" color="FFFFFF" verticalAlignment="1"><Anchor point="3" relativePoint="3" relativeTo="$(parent)" offsetX="79" offsetY="65"/><Dimensions x="265" y="40"/></Label>
				<Texture name="$(parent)Skill2Icon"><Anchor point="3" relativePoint="3" relativeTo="$(parent)" offsetX="10" offsetY="109"/><Dimensions x="64" y="64"/></Texture>
				<Label name="$(parent)Bar2Name" font="AGFont" color="FFFFFF" verticalAlignment="1"><Anchor point="3" relativePoint="3" relativeTo="$(parent)" offsetX="79" offsetY="109"/><Dimensions y="24"/></Label>
				<Label name="$(parent)Bar2Skills" font="AGFont" color="FFFFFF" verticalAlignment="1"><Anchor point="3" relativePoint="3" relativeTo="$(parent)" offsetX="79" offsetY="134"/><Dimensions x="265" y="40"/></Label>
			</Controls>
		</TopLevelControl>
		
        <TopLevelControl name="AlphaGearX2">
            <OnInitialized></OnInitialized>
			<OnUpdate>AG4.Queue()</OnUpdate>
        </TopLevelControl>
    </Controls>
</GuiXml>